10-03 11:09:53 com_github_MitjaNemec_Archive3DModels.action_archive_3d_models 238:Plugin executed on: 'win32'
10-03 11:09:53 com_github_MitjaNemec_Archive3DModels.action_archive_3d_models 239:Plugin executed with python version: '3.11.5 (main, Jun 15 2025, 06:45:45) [MSC v.1942 64 bit (AMD64)]'
10-03 11:09:53 com_github_MitjaNemec_Archive3DModels.action_archive_3d_models 240:KiCad build version: 9.0.4
10-03 11:09:53 com_github_MitjaNemec_Archive3DModels.action_archive_3d_models 241:Plugin version: 1.0.15
10-03 11:09:53 com_github_MitjaNemec_Archive3DModels.action_archive_3d_models 246:Screen sizes: [wx.Size(3840, 2160)]
10-03 11:09:53 com_github_MitjaNemec_Archive3DModels.action_archive_3d_models 253:Dialog size: wx.Size(213, 81)
10-03 11:09:53 com_github_MitjaNemec_Archive3DModels.action_archive_3d_models 255:Char size: 20
10-03 11:09:54 com_github_MitjaNemec_Archive3DModels.archive_3d_models 30:Starting to archive 3D models
10-03 11:09:54 com_github_MitjaNemec_Archive3DModels.archive_3d_models 51:Getting 3D models for footprint of: R12
10-03 11:09:54 com_github_MitjaNemec_Archive3DModels.archive_3d_models 63:Trying to copy: ${KICAD8_3RD_PARTY}/3dmodels/com_github_CDFER_JLCPCB-Kicad-Library/JLCPCB.3dshapes/R_0402.step
10-03 11:09:54 com_github_MitjaNemec_Archive3DModels.archive_3d_models 78:Can not find model defined with enviroment variable:
${KICAD8_3RD_PARTY}/3dmodels/com_github_CDFER_JLCPCB-Kicad-Library/JLCPCB.3dshapes/R_0402.step
10-03 11:09:54 com_github_MitjaNemec_Archive3DModels.archive_3d_models 146:Did not copy: ${KICAD8_3RD_PARTY}/3dmodels/com_github_CDFER_JLCPCB-Kicad-Library/JLCPCB.3dshapes/R_0402.step
10-03 11:09:54 com_github_MitjaNemec_Archive3DModels.archive_3d_models 150:Remapping: ${KICAD8_3RD_PARTY}/3dmodels/com_github_CDFER_JLCPCB-Kicad-Library/JLCPCB.3dshapes/R_0402.step
10-03 11:09:54 com_github_MitjaNemec_Archive3DModels.archive_3d_models 51:Getting 3D models for footprint of: C231
10-03 11:09:54 com_github_MitjaNemec_Archive3DModels.archive_3d_models 63:Trying to copy: ${KICAD9_3DMODEL_DIR}/Capacitor_SMD.3dshapes/C_Elec_6.3x7.7.wrl
10-03 11:09:54 com_github_MitjaNemec_Archive3DModels.archive_3d_models 150:Remapping: ${KICAD9_3DMODEL_DIR}/Capacitor_SMD.3dshapes/C_Elec_6.3x7.7.wrl
10-03 11:09:54 com_github_MitjaNemec_Archive3DModels.archive_3d_models 51:Getting 3D models for footprint of: R23
10-03 11:09:54 com_github_MitjaNemec_Archive3DModels.archive_3d_models 63:Trying to copy: ${KICAD9_3DMODEL_DIR}/Resistor_SMD.3dshapes/R_0603_1608Metric.step
10-03 11:09:54 com_github_MitjaNemec_Archive3DModels.archive_3d_models 150:Remapping: ${KICAD9_3DMODEL_DIR}/Resistor_SMD.3dshapes/R_0603_1608Metric.step
10-03 11:09:54 com_github_MitjaNemec_Archive3DModels.archive_3d_models 51:Getting 3D models for footprint of: J7
10-03 11:09:54 com_github_MitjaNemec_Archive3DModels.archive_3d_models 63:Trying to copy: C:/Users/kovac/Documents/1-Gitar_Pedalok/nrj6hf.stp
10-03 11:09:55 com_github_MitjaNemec_Archive3DModels.archive_3d_models 150:Remapping: C:/Users/kovac/Documents/1-Gitar_Pedalok/nrj6hf.stp
10-03 11:09:55 com_github_MitjaNemec_Archive3DModels.archive_3d_models 51:Getting 3D models for footprint of: C79
10-03 11:09:55 com_github_MitjaNemec_Archive3DModels.archive_3d_models 63:Trying to copy: ${KICAD8_3RD_PARTY}/3dmodels/com_github_CDFER_JLCPCB-Kicad-Library/JLCPCB.3dshapes/C_0402.step
10-03 11:09:55 com_github_MitjaNemec_Archive3DModels.archive_3d_models 78:Can not find model defined with enviroment variable:
${KICAD8_3RD_PARTY}/3dmodels/com_github_CDFER_JLCPCB-Kicad-Library/JLCPCB.3dshapes/C_0402.step
10-03 11:09:55 com_github_MitjaNemec_Archive3DModels.archive_3d_models 146:Did not copy: ${KICAD8_3RD_PARTY}/3dmodels/com_github_CDFER_JLCPCB-Kicad-Library/JLCPCB.3dshapes/C_0402.step
10-03 11:09:55 com_github_MitjaNemec_Archive3DModels.archive_3d_models 150:Remapping: ${KICAD8_3RD_PARTY}/3dmodels/com_github_CDFER_JLCPCB-Kicad-Library/JLCPCB.3dshapes/C_0402.step
10-03 11:09:55 com_github_MitjaNemec_Archive3DModels.archive_3d_models 51:Getting 3D models for footprint of: C11
10-03 11:09:55 com_github_MitjaNemec_Archive3DModels.archive_3d_models 63:Trying to copy: ${KICAD8_3RD_PARTY}/3dmodels/com_github_CDFER_JLCPCB-Kicad-Library/JLCPCB.3dshapes/C_0402.step
10-03 11:09:55 com_github_MitjaNemec_Archive3DModels.archive_3d_models 78:Can not find model defined with enviroment variable:
${KICAD8_3RD_PARTY}/3dmodels/com_github_CDFER_JLCPCB-Kicad-Library/JLCPCB.3dshapes/C_0402.step
10-03 11:09:55 com_github_MitjaNemec_Archive3DModels.archive_3d_models 146:Did not copy: ${KICAD8_3RD_PARTY}/3dmodels/com_github_CDFER_JLCPCB-Kicad-Library/JLCPCB.3dshapes/C_0402.step
10-03 11:09:55 com_github_MitjaNemec_Archive3DModels.archive_3d_models 150:Remapping: ${KICAD8_3RD_PARTY}/3dmodels/com_github_CDFER_JLCPCB-Kicad-Library/JLCPCB.3dshapes/C_0402.step
10-03 11:09:55 com_github_MitjaNemec_Archive3DModels.archive_3d_models 51:Getting 3D models for footprint of: C42
10-03 11:09:55 com_github_MitjaNemec_Archive3DModels.archive_3d_models 63:Trying to copy: ${KICAD8_3RD_PARTY}/3dmodels/com_github_CDFER_JLCPCB-Kicad-Library/JLCPCB.3dshapes/C_0402.step
10-03 11:09:55 com_github_MitjaNemec_Archive3DModels.archive_3d_models 78:Can not find model defined with enviroment variable:
${KICAD8_3RD_PARTY}/3dmodels/com_github_CDFER_JLCPCB-Kicad-Library/JLCPCB.3dshapes/C_0402.step
10-03 11:09:55 com_github_MitjaNemec_Archive3DModels.archive_3d_models 146:Did not copy: ${KICAD8_3RD_PARTY}/3dmodels/com_github_CDFER_JLCPCB-Kicad-Library/JLCPCB.3dshapes/C_0402.step
10-03 11:09:55 com_github_MitjaNemec_Archive3DModels.archive_3d_models 150:Remapping: ${KICAD8_3RD_PARTY}/3dmodels/com_github_CDFER_JLCPCB-Kicad-Library/JLCPCB.3dshapes/C_0402.step
10-03 11:09:55 com_github_MitjaNemec_Archive3DModels.archive_3d_models 51:Getting 3D models for footprint of: C403
10-03 11:09:55 com_github_MitjaNemec_Archive3DModels.archive_3d_models 63:Trying to copy: ${KICAD8_3RD_PARTY}/3dmodels/com_github_CDFER_JLCPCB-Kicad-Library/JLCPCB.3dshapes/C_0603.step
10-03 11:09:55 com_github_MitjaNemec_Archive3DModels.archive_3d_models 78:Can not find model defined with enviroment variable:
${KICAD8_3RD_PARTY}/3dmodels/com_github_CDFER_JLCPCB-Kicad-Library/JLCPCB.3dshapes/C_0603.step
10-03 11:09:55 com_github_MitjaNemec_Archive3DModels.archive_3d_models 146:Did not copy: ${KICAD8_3RD_PARTY}/3dmodels/com_github_CDFER_JLCPCB-Kicad-Library/JLCPCB.3dshapes/C_0603.step
10-03 11:09:55 com_github_MitjaNemec_Archive3DModels.archive_3d_models 150:Remapping: ${KICAD8_3RD_PARTY}/3dmodels/com_github_CDFER_JLCPCB-Kicad-Library/JLCPCB.3dshapes/C_0603.step
10-03 11:09:55 com_github_MitjaNemec_Archive3DModels.archive_3d_models 51:Getting 3D models for footprint of: C56
10-03 11:09:55 com_github_MitjaNemec_Archive3DModels.archive_3d_models 63:Trying to copy: ${KICAD8_3RD_PARTY}/3dmodels/com_github_CDFER_JLCPCB-Kicad-Library/JLCPCB.3dshapes/C_0603.step
10-03 11:09:55 com_github_MitjaNemec_Archive3DModels.archive_3d_models 78:Can not find model defined with enviroment variable:
${KICAD8_3RD_PARTY}/3dmodels/com_github_CDFER_JLCPCB-Kicad-Library/JLCPCB.3dshapes/C_0603.step
10-03 11:09:55 com_github_MitjaNemec_Archive3DModels.archive_3d_models 146:Did not copy: ${KICAD8_3RD_PARTY}/3dmodels/com_github_CDFER_JLCPCB-Kicad-Library/JLCPCB.3dshapes/C_0603.step
10-03 11:09:55 com_github_MitjaNemec_Archive3DModels.archive_3d_models 150:Remapping: ${KICAD8_3RD_PARTY}/3dmodels/com_github_CDFER_JLCPCB-Kicad-Library/JLCPCB.3dshapes/C_0603.step
10-03 11:09:55 com_github_MitjaNemec_Archive3DModels.archive_3d_models 51:Getting 3D models for footprint of: C207
10-03 11:09:55 com_github_MitjaNemec_Archive3DModels.archive_3d_models 63:Trying to copy: ${KICAD9_3DMODEL_DIR}/Capacitor_SMD.3dshapes/C_Elec_5x5.8.wrl
10-03 11:09:55 com_github_MitjaNemec_Archive3DModels.archive_3d_models 150:Remapping: ${KICAD9_3DMODEL_DIR}/Capacitor_SMD.3dshapes/C_Elec_5x5.8.wrl
10-03 11:09:55 com_github_MitjaNemec_Archive3DModels.archive_3d_models 51:Getting 3D models for footprint of: U12
10-03 11:09:55 com_github_MitjaNemec_Archive3DModels.archive_3d_models 63:Trying to copy: ${KICAD9_3DMODEL_DIR}/Package_TO_SOT_SMD.3dshapes/SOT-666.step
10-03 11:09:55 com_github_MitjaNemec_Archive3DModels.archive_3d_models 150:Remapping: ${KICAD9_3DMODEL_DIR}/Package_TO_SOT_SMD.3dshapes/SOT-666.step
10-03 11:09:55 com_github_MitjaNemec_Archive3DModels.archive_3d_models 51:Getting 3D models for footprint of: C102
10-03 11:09:55 com_github_MitjaNemec_Archive3DModels.archive_3d_models 63:Trying to copy: ${KICAD8_3RD_PARTY}/3dmodels/com_github_CDFER_JLCPCB-Kicad-Library/JLCPCB.3dshapes/C_0402.step
10-03 11:09:55 com_github_MitjaNemec_Archive3DModels.archive_3d_models 78:Can not find model defined with enviroment variable:
${KICAD8_3RD_PARTY}/3dmodels/com_github_CDFER_JLCPCB-Kicad-Library/JLCPCB.3dshapes/C_0402.step
10-03 11:09:55 com_github_MitjaNemec_Archive3DModels.archive_3d_models 146:Did not copy: ${KICAD8_3RD_PARTY}/3dmodels/com_github_CDFER_JLCPCB-Kicad-Library/JLCPCB.3dshapes/C_0402.step
10-03 11:09:55 com_github_MitjaNemec_Archive3DModels.archive_3d_models 150:Remapping: ${KICAD8_3RD_PARTY}/3dmodels/com_github_CDFER_JLCPCB-Kicad-Library/JLCPCB.3dshapes/C_0402.step
10-03 11:09:55 com_github_MitjaNemec_Archive3DModels.archive_3d_models 51:Getting 3D models for footprint of: C158
10-03 11:09:55 com_github_MitjaNemec_Archive3DModels.archive_3d_models 63:Trying to copy: ${KICAD8_3RD_PARTY}/3dmodels/com_github_CDFER_JLCPCB-Kicad-Library/JLCPCB.3dshapes/C_1206.step
10-03 11:09:55 com_github_MitjaNemec_Archive3DModels.archive_3d_models 78:Can not find model defined with enviroment variable:
${KICAD8_3RD_PARTY}/3dmodels/com_github_CDFER_JLCPCB-Kicad-Library/JLCPCB.3dshapes/C_1206.step
10-03 11:09:55 com_github_MitjaNemec_Archive3DModels.archive_3d_models 146:Did not copy: ${KICAD8_3RD_PARTY}/3dmodels/com_github_CDFER_JLCPCB-Kicad-Library/JLCPCB.3dshapes/C_1206.step
10-03 11:09:55 com_github_MitjaNemec_Archive3DModels.archive_3d_models 150:Remapping: ${KICAD8_3RD_PARTY}/3dmodels/com_github_CDFER_JLCPCB-Kicad-Library/JLCPCB.3dshapes/C_1206.step
10-03 11:09:55 com_github_MitjaNemec_Archive3DModels.archive_3d_models 51:Getting 3D models for footprint of: R225
10-03 11:09:55 com_github_MitjaNemec_Archive3DModels.archive_3d_models 63:Trying to copy: ${KICAD8_3RD_PARTY}/3dmodels/com_github_CDFER_JLCPCB-Kicad-Library/JLCPCB.3dshapes/R_0402.step
10-03 11:09:55 com_github_MitjaNemec_Archive3DModels.archive_3d_models 78:Can not find model defined with enviroment variable:
${KICAD8_3RD_PARTY}/3dmodels/com_github_CDFER_JLCPCB-Kicad-Library/JLCPCB.3dshapes/R_0402.step
10-03 11:09:55 com_github_MitjaNemec_Archive3DModels.archive_3d_models 146:Did not copy: ${KICAD8_3RD_PARTY}/3dmodels/com_github_CDFER_JLCPCB-Kicad-Library/JLCPCB.3dshapes/R_0402.step
10-03 11:09:55 com_github_MitjaNemec_Archive3DModels.archive_3d_models 150:Remapping: ${KICAD8_3RD_PARTY}/3dmodels/com_github_CDFER_JLCPCB-Kicad-Library/JLCPCB.3dshapes/R_0402.step
10-03 11:09:55 com_github_MitjaNemec_Archive3DModels.archive_3d_models 51:Getting 3D models for footprint of: C202
10-03 11:09:55 com_github_MitjaNemec_Archive3DModels.archive_3d_models 63:Trying to copy: ${KICAD8_3RD_PARTY}/3dmodels/com_github_CDFER_JLCPCB-Kicad-Library/JLCPCB.3dshapes/C_0402.step
10-03 11:09:55 com_github_MitjaNemec_Archive3DModels.archive_3d_models 78:Can not find model defined with enviroment variable:
${KICAD8_3RD_PARTY}/3dmodels/com_github_CDFER_JLCPCB-Kicad-Library/JLCPCB.3dshapes/C_0402.step
10-03 11:09:55 com_github_MitjaNemec_Archive3DModels.archive_3d_models 146:Did not copy: ${KICAD8_3RD_PARTY}/3dmodels/com_github_CDFER_JLCPCB-Kicad-Library/JLCPCB.3dshapes/C_0402.step
10-03 11:09:55 com_github_MitjaNemec_Archive3DModels.archive_3d_models 150:Remapping: ${KICAD8_3RD_PARTY}/3dmodels/com_github_CDFER_JLCPCB-Kicad-Library/JLCPCB.3dshapes/C_0402.step
10-03 11:09:55 com_github_MitjaNemec_Archive3DModels.archive_3d_models 51:Getting 3D models for footprint of: D204
10-03 11:09:55 com_github_MitjaNemec_Archive3DModels.archive_3d_models 63:Trying to copy: ${KICAD9_3DMODEL_DIR}/Package_TO_SOT_SMD.3dshapes/SOT-23.wrl
10-03 11:09:55 com_github_MitjaNemec_Archive3DModels.archive_3d_models 150:Remapping: ${KICAD9_3DMODEL_DIR}/Package_TO_SOT_SMD.3dshapes/SOT-23.wrl
10-03 11:09:55 com_github_MitjaNemec_Archive3DModels.archive_3d_models 51:Getting 3D models for footprint of: C8
10-03 11:09:55 com_github_MitjaNemec_Archive3DModels.archive_3d_models 63:Trying to copy: ${KICAD8_3RD_PARTY}/3dmodels/com_github_CDFER_JLCPCB-Kicad-Library/JLCPCB.3dshapes/C_0402.step
10-03 11:09:55 com_github_MitjaNemec_Archive3DModels.archive_3d_models 78:Can not find model defined with enviroment variable:
${KICAD8_3RD_PARTY}/3dmodels/com_github_CDFER_JLCPCB-Kicad-Library/JLCPCB.3dshapes/C_0402.step
10-03 11:09:55 com_github_MitjaNemec_Archive3DModels.archive_3d_models 146:Did not copy: ${KICAD8_3RD_PARTY}/3dmodels/com_github_CDFER_JLCPCB-Kicad-Library/JLCPCB.3dshapes/C_0402.step
10-03 11:09:55 com_github_MitjaNemec_Archive3DModels.archive_3d_models 150:Remapping: ${KICAD8_3RD_PARTY}/3dmodels/com_github_CDFER_JLCPCB-Kicad-Library/JLCPCB.3dshapes/C_0402.step
10-03 11:09:55 com_github_MitjaNemec_Archive3DModels.archive_3d_models 51:Getting 3D models for footprint of: R86
10-03 11:09:55 com_github_MitjaNemec_Archive3DModels.archive_3d_models 63:Trying to copy: ${KICAD8_3RD_PARTY}/3dmodels/com_github_CDFER_JLCPCB-Kicad-Library/JLCPCB.3dshapes/R_0402.step
10-03 11:09:55 com_github_MitjaNemec_Archive3DModels.archive_3d_models 78:Can not find model defined with enviroment variable:
${KICAD8_3RD_PARTY}/3dmodels/com_github_CDFER_JLCPCB-Kicad-Library/JLCPCB.3dshapes/R_0402.step
10-03 11:09:55 com_github_MitjaNemec_Archive3DModels.archive_3d_models 146:Did not copy: ${KICAD8_3RD_PARTY}/3dmodels/com_github_CDFER_JLCPCB-Kicad-Library/JLCPCB.3dshapes/R_0402.step
10-03 11:09:55 com_github_MitjaNemec_Archive3DModels.archive_3d_models 150:Remapping: ${KICAD8_3RD_PARTY}/3dmodels/com_github_CDFER_JLCPCB-Kicad-Library/JLCPCB.3dshapes/R_0402.step
10-03 11:09:55 com_github_MitjaNemec_Archive3DModels.archive_3d_models 51:Getting 3D models for footprint of: R5
10-03 11:09:55 com_github_MitjaNemec_Archive3DModels.archive_3d_models 63:Trying to copy: ${KICAD8_3RD_PARTY}/3dmodels/com_github_CDFER_JLCPCB-Kicad-Library/JLCPCB.3dshapes/R_0402.step
10-03 11:09:55 com_github_MitjaNemec_Archive3DModels.archive_3d_models 78:Can not find model defined with enviroment variable:
${KICAD8_3RD_PARTY}/3dmodels/com_github_CDFER_JLCPCB-Kicad-Library/JLCPCB.3dshapes/R_0402.step
10-03 11:09:55 com_github_MitjaNemec_Archive3DModels.archive_3d_models 146:Did not copy: ${KICAD8_3RD_PARTY}/3dmodels/com_github_CDFER_JLCPCB-Kicad-Library/JLCPCB.3dshapes/R_0402.step
10-03 11:09:55 com_github_MitjaNemec_Archive3DModels.archive_3d_models 150:Remapping: ${KICAD8_3RD_PARTY}/3dmodels/com_github_CDFER_JLCPCB-Kicad-Library/JLCPCB.3dshapes/R_0402.step
10-03 11:09:55 com_github_MitjaNemec_Archive3DModels.archive_3d_models 51:Getting 3D models for footprint of: C93
10-03 11:09:55 com_github_MitjaNemec_Archive3DModels.archive_3d_models 63:Trying to copy: ${KICAD8_3RD_PARTY}/3dmodels/com_github_CDFER_JLCPCB-Kicad-Library/JLCPCB.3dshapes/C_0402.step
10-03 11:09:55 com_github_MitjaNemec_Archive3DModels.archive_3d_models 78:Can not find model defined with enviroment variable:
${KICAD8_3RD_PARTY}/3dmodels/com_github_CDFER_JLCPCB-Kicad-Library/JLCPCB.3dshapes/C_0402.step
10-03 11:09:55 com_github_MitjaNemec_Archive3DModels.archive_3d_models 146:Did not copy: ${KICAD8_3RD_PARTY}/3dmodels/com_github_CDFER_JLCPCB-Kicad-Library/JLCPCB.3dshapes/C_0402.step
10-03 11:09:55 com_github_MitjaNemec_Archive3DModels.archive_3d_models 150:Remapping: ${KICAD8_3RD_PARTY}/3dmodels/com_github_CDFER_JLCPCB-Kicad-Library/JLCPCB.3dshapes/C_0402.step
10-03 11:09:55 com_github_MitjaNemec_Archive3DModels.archive_3d_models 51:Getting 3D models for footprint of: C36
10-03 11:09:55 com_github_MitjaNemec_Archive3DModels.archive_3d_models 63:Trying to copy: ${KICAD8_3RD_PARTY}/3dmodels/com_github_CDFER_JLCPCB-Kicad-Library/JLCPCB.3dshapes/C_0402.step
10-03 11:09:55 com_github_MitjaNemec_Archive3DModels.archive_3d_models 78:Can not find model defined with enviroment variable:
${KICAD8_3RD_PARTY}/3dmodels/com_github_CDFER_JLCPCB-Kicad-Library/JLCPCB.3dshapes/C_0402.step
10-03 11:09:55 com_github_MitjaNemec_Archive3DModels.archive_3d_models 146:Did not copy: ${KICAD8_3RD_PARTY}/3dmodels/com_github_CDFER_JLCPCB-Kicad-Library/JLCPCB.3dshapes/C_0402.step
10-03 11:09:55 com_github_MitjaNemec_Archive3DModels.archive_3d_models 150:Remapping: ${KICAD8_3RD_PARTY}/3dmodels/com_github_CDFER_JLCPCB-Kicad-Library/JLCPCB.3dshapes/C_0402.step
10-03 11:09:55 com_github_MitjaNemec_Archive3DModels.archive_3d_models 51:Getting 3D models for footprint of: C232
10-03 11:09:55 com_github_MitjaNemec_Archive3DModels.archive_3d_models 63:Trying to copy: ${KICAD9_3DMODEL_DIR}/Capacitor_SMD.3dshapes/C_Elec_6.3x7.7.wrl
10-03 11:09:55 com_github_MitjaNemec_Archive3DModels.archive_3d_models 150:Remapping: ${KICAD9_3DMODEL_DIR}/Capacitor_SMD.3dshapes/C_Elec_6.3x7.7.wrl
10-03 11:09:55 com_github_MitjaNemec_Archive3DModels.archive_3d_models 51:Getting 3D models for footprint of: R223
10-03 11:09:55 com_github_MitjaNemec_Archive3DModels.archive_3d_models 63:Trying to copy: ${KICAD9_3DMODEL_DIR}/Resistor_SMD.3dshapes/R_0402_1005Metric.wrl
10-03 11:09:55 com_github_MitjaNemec_Archive3DModels.archive_3d_models 150:Remapping: ${KICAD9_3DMODEL_DIR}/Resistor_SMD.3dshapes/R_0402_1005Metric.wrl
10-03 11:09:55 com_github_MitjaNemec_Archive3DModels.archive_3d_models 51:Getting 3D models for footprint of: D201
10-03 11:09:55 com_github_MitjaNemec_Archive3DModels.archive_3d_models 63:Trying to copy: ${KICAD9_3DMODEL_DIR}/Package_TO_SOT_SMD.3dshapes/SOT-23.wrl
10-03 11:09:55 com_github_MitjaNemec_Archive3DModels.archive_3d_models 150:Remapping: ${KICAD9_3DMODEL_DIR}/Package_TO_SOT_SMD.3dshapes/SOT-23.wrl
10-03 11:09:55 com_github_MitjaNemec_Archive3DModels.archive_3d_models 51:Getting 3D models for footprint of: R4
10-03 11:09:55 com_github_MitjaNemec_Archive3DModels.archive_3d_models 63:Trying to copy: ${KICAD8_3RD_PARTY}/3dmodels/com_github_CDFER_JLCPCB-Kicad-Library/JLCPCB.3dshapes/R_0402.step
10-03 11:09:55 com_github_MitjaNemec_Archive3DModels.archive_3d_models 78:Can not find model defined with enviroment variable:
${KICAD8_3RD_PARTY}/3dmodels/com_github_CDFER_JLCPCB-Kicad-Library/JLCPCB.3dshapes/R_0402.step
10-03 11:09:55 com_github_MitjaNemec_Archive3DModels.archive_3d_models 146:Did not copy: ${KICAD8_3RD_PARTY}/3dmodels/com_github_CDFER_JLCPCB-Kicad-Library/JLCPCB.3dshapes/R_0402.step
10-03 11:09:55 com_github_MitjaNemec_Archive3DModels.archive_3d_models 150:Remapping: ${KICAD8_3RD_PARTY}/3dmodels/com_github_CDFER_JLCPCB-Kicad-Library/JLCPCB.3dshapes/R_0402.step
10-03 11:09:55 com_github_MitjaNemec_Archive3DModels.archive_3d_models 51:Getting 3D models for footprint of: C37
10-03 11:09:55 com_github_MitjaNemec_Archive3DModels.archive_3d_models 63:Trying to copy: ${KICAD8_3RD_PARTY}/3dmodels/com_github_CDFER_JLCPCB-Kicad-Library/JLCPCB.3dshapes/C_0402.step
10-03 11:09:55 com_github_MitjaNemec_Archive3DModels.archive_3d_models 78:Can not find model defined with enviroment variable:
${KICAD8_3RD_PARTY}/3dmodels/com_github_CDFER_JLCPCB-Kicad-Library/JLCPCB.3dshapes/C_0402.step
10-03 11:09:55 com_github_MitjaNemec_Archive3DModels.archive_3d_models 146:Did not copy: ${KICAD8_3RD_PARTY}/3dmodels/com_github_CDFER_JLCPCB-Kicad-Library/JLCPCB.3dshapes/C_0402.step
10-03 11:09:55 com_github_MitjaNemec_Archive3DModels.archive_3d_models 150:Remapping: ${KICAD8_3RD_PARTY}/3dmodels/com_github_CDFER_JLCPCB-Kicad-Library/JLCPCB.3dshapes/C_0402.step
10-03 11:09:55 com_github_MitjaNemec_Archive3DModels.archive_3d_models 51:Getting 3D models for footprint of: C89
10-03 11:09:55 com_github_MitjaNemec_Archive3DModels.archive_3d_models 63:Trying to copy: ${KICAD8_3RD_PARTY}/3dmodels/com_github_CDFER_JLCPCB-Kicad-Library/JLCPCB.3dshapes/C_0402.step
10-03 11:09:55 com_github_MitjaNemec_Archive3DModels.archive_3d_models 78:Can not find model defined with enviroment variable:
${KICAD8_3RD_PARTY}/3dmodels/com_github_CDFER_JLCPCB-Kicad-Library/JLCPCB.3dshapes/C_0402.step
10-03 11:09:55 com_github_MitjaNemec_Archive3DModels.archive_3d_models 146:Did not copy: ${KICAD8_3RD_PARTY}/3dmodels/com_github_CDFER_JLCPCB-Kicad-Library/JLCPCB.3dshapes/C_0402.step
10-03 11:09:55 com_github_MitjaNemec_Archive3DModels.archive_3d_models 150:Remapping: ${KICAD8_3RD_PARTY}/3dmodels/com_github_CDFER_JLCPCB-Kicad-Library/JLCPCB.3dshapes/C_0402.step
10-03 11:09:55 com_github_MitjaNemec_Archive3DModels.archive_3d_models 51:Getting 3D models for footprint of: C99
10-03 11:09:55 com_github_MitjaNemec_Archive3DModels.archive_3d_models 63:Trying to copy: ${KICAD8_3RD_PARTY}/3dmodels/com_github_CDFER_JLCPCB-Kicad-Library/JLCPCB.3dshapes/C_0402.step
10-03 11:09:55 com_github_MitjaNemec_Archive3DModels.archive_3d_models 78:Can not find model defined with enviroment variable:
${KICAD8_3RD_PARTY}/3dmodels/com_github_CDFER_JLCPCB-Kicad-Library/JLCPCB.3dshapes/C_0402.step
10-03 11:09:55 com_github_MitjaNemec_Archive3DModels.archive_3d_models 146:Did not copy: ${KICAD8_3RD_PARTY}/3dmodels/com_github_CDFER_JLCPCB-Kicad-Library/JLCPCB.3dshapes/C_0402.step
10-03 11:09:55 com_github_MitjaNemec_Archive3DModels.archive_3d_models 150:Remapping: ${KICAD8_3RD_PARTY}/3dmodels/com_github_CDFER_JLCPCB-Kicad-Library/JLCPCB.3dshapes/C_0402.step
10-03 11:09:55 com_github_MitjaNemec_Archive3DModels.archive_3d_models 51:Getting 3D models for footprint of: C156
10-03 11:09:55 com_github_MitjaNemec_Archive3DModels.archive_3d_models 63:Trying to copy: ${KICAD8_3RD_PARTY}/3dmodels/com_github_CDFER_JLCPCB-Kicad-Library/JLCPCB.3dshapes/C_1206.step
10-03 11:09:55 com_github_MitjaNemec_Archive3DModels.archive_3d_models 78:Can not find model defined with enviroment variable:
${KICAD8_3RD_PARTY}/3dmodels/com_github_CDFER_JLCPCB-Kicad-Library/JLCPCB.3dshapes/C_1206.step
10-03 11:09:55 com_github_MitjaNemec_Archive3DModels.archive_3d_models 146:Did not copy: ${KICAD8_3RD_PARTY}/3dmodels/com_github_CDFER_JLCPCB-Kicad-Library/JLCPCB.3dshapes/C_1206.step
10-03 11:09:55 com_github_MitjaNemec_Archive3DModels.archive_3d_models 150:Remapping: ${KICAD8_3RD_PARTY}/3dmodels/com_github_CDFER_JLCPCB-Kicad-Library/JLCPCB.3dshapes/C_1206.step
10-03 11:09:55 com_github_MitjaNemec_Archive3DModels.archive_3d_models 51:Getting 3D models for footprint of: C401
10-03 11:09:55 com_github_MitjaNemec_Archive3DModels.archive_3d_models 63:Trying to copy: ${KICAD8_3RD_PARTY}/3dmodels/com_github_CDFER_JLCPCB-Kicad-Library/JLCPCB.3dshapes/C_0402.step
10-03 11:09:55 com_github_MitjaNemec_Archive3DModels.archive_3d_models 78:Can not find model defined with enviroment variable:
${KICAD8_3RD_PARTY}/3dmodels/com_github_CDFER_JLCPCB-Kicad-Library/JLCPCB.3dshapes/C_0402.step
10-03 11:09:55 com_github_MitjaNemec_Archive3DModels.archive_3d_models 146:Did not copy: ${KICAD8_3RD_PARTY}/3dmodels/com_github_CDFER_JLCPCB-Kicad-Library/JLCPCB.3dshapes/C_0402.step
10-03 11:09:55 com_github_MitjaNemec_Archive3DModels.archive_3d_models 150:Remapping: ${KICAD8_3RD_PARTY}/3dmodels/com_github_CDFER_JLCPCB-Kicad-Library/JLCPCB.3dshapes/C_0402.step
10-03 11:09:55 com_github_MitjaNemec_Archive3DModels.archive_3d_models 51:Getting 3D models for footprint of: C41
10-03 11:09:55 com_github_MitjaNemec_Archive3DModels.archive_3d_models 63:Trying to copy: ${KICAD8_3RD_PARTY}/3dmodels/com_github_CDFER_JLCPCB-Kicad-Library/JLCPCB.3dshapes/C_0402.step
10-03 11:09:55 com_github_MitjaNemec_Archive3DModels.archive_3d_models 78:Can not find model defined with enviroment variable:
${KICAD8_3RD_PARTY}/3dmodels/com_github_CDFER_JLCPCB-Kicad-Library/JLCPCB.3dshapes/C_0402.step
10-03 11:09:55 com_github_MitjaNemec_Archive3DModels.archive_3d_models 146:Did not copy: ${KICAD8_3RD_PARTY}/3dmodels/com_github_CDFER_JLCPCB-Kicad-Library/JLCPCB.3dshapes/C_0402.step
10-03 11:09:55 com_github_MitjaNemec_Archive3DModels.archive_3d_models 150:Remapping: ${KICAD8_3RD_PARTY}/3dmodels/com_github_CDFER_JLCPCB-Kicad-Library/JLCPCB.3dshapes/C_0402.step
10-03 11:09:55 com_github_MitjaNemec_Archive3DModels.archive_3d_models 51:Getting 3D models for footprint of: C104
10-03 11:09:55 com_github_MitjaNemec_Archive3DModels.archive_3d_models 63:Trying to copy: ${KICAD8_3RD_PARTY}/3dmodels/com_github_CDFER_JLCPCB-Kicad-Library/JLCPCB.3dshapes/C_0402.step
10-03 11:09:55 com_github_MitjaNemec_Archive3DModels.archive_3d_models 78:Can not find model defined with enviroment variable:
${KICAD8_3RD_PARTY}/3dmodels/com_github_CDFER_JLCPCB-Kicad-Library/JLCPCB.3dshapes/C_0402.step
10-03 11:09:55 com_github_MitjaNemec_Archive3DModels.archive_3d_models 146:Did not copy: ${KICAD8_3RD_PARTY}/3dmodels/com_github_CDFER_JLCPCB-Kicad-Library/JLCPCB.3dshapes/C_0402.step
10-03 11:09:55 com_github_MitjaNemec_Archive3DModels.archive_3d_models 150:Remapping: ${KICAD8_3RD_PARTY}/3dmodels/com_github_CDFER_JLCPCB-Kicad-Library/JLCPCB.3dshapes/C_0402.step
10-03 11:09:55 com_github_MitjaNemec_Archive3DModels.archive_3d_models 51:Getting 3D models for footprint of: R20
10-03 11:09:55 com_github_MitjaNemec_Archive3DModels.archive_3d_models 63:Trying to copy: ${KICAD8_3RD_PARTY}/3dmodels/com_github_CDFER_JLCPCB-Kicad-Library/JLCPCB.3dshapes/R_0402.step
10-03 11:09:55 com_github_MitjaNemec_Archive3DModels.archive_3d_models 78:Can not find model defined with enviroment variable:
${KICAD8_3RD_PARTY}/3dmodels/com_github_CDFER_JLCPCB-Kicad-Library/JLCPCB.3dshapes/R_0402.step
10-03 11:09:55 com_github_MitjaNemec_Archive3DModels.archive_3d_models 146:Did not copy: ${KICAD8_3RD_PARTY}/3dmodels/com_github_CDFER_JLCPCB-Kicad-Library/JLCPCB.3dshapes/R_0402.step
10-03 11:09:55 com_github_MitjaNemec_Archive3DModels.archive_3d_models 150:Remapping: ${KICAD8_3RD_PARTY}/3dmodels/com_github_CDFER_JLCPCB-Kicad-Library/JLCPCB.3dshapes/R_0402.step
10-03 11:09:55 com_github_MitjaNemec_Archive3DModels.archive_3d_models 51:Getting 3D models for footprint of: C18
10-03 11:09:55 com_github_MitjaNemec_Archive3DModels.archive_3d_models 63:Trying to copy: ${KICAD8_3RD_PARTY}/3dmodels/com_github_CDFER_JLCPCB-Kicad-Library/JLCPCB.3dshapes/C_0805.step
10-03 11:09:55 com_github_MitjaNemec_Archive3DModels.archive_3d_models 78:Can not find model defined with enviroment variable:
${KICAD8_3RD_PARTY}/3dmodels/com_github_CDFER_JLCPCB-Kicad-Library/JLCPCB.3dshapes/C_0805.step
10-03 11:09:55 com_github_MitjaNemec_Archive3DModels.archive_3d_models 146:Did not copy: ${KICAD8_3RD_PARTY}/3dmodels/com_github_CDFER_JLCPCB-Kicad-Library/JLCPCB.3dshapes/C_0805.step
10-03 11:09:55 com_github_MitjaNemec_Archive3DModels.archive_3d_models 150:Remapping: ${KICAD8_3RD_PARTY}/3dmodels/com_github_CDFER_JLCPCB-Kicad-Library/JLCPCB.3dshapes/C_0805.step
10-03 11:09:55 com_github_MitjaNemec_Archive3DModels.archive_3d_models 51:Getting 3D models for footprint of: C208
10-03 11:09:55 com_github_MitjaNemec_Archive3DModels.archive_3d_models 63:Trying to copy: ${KICAD9_3DMODEL_DIR}/Capacitor_SMD.3dshapes/C_Elec_5x5.8.wrl
10-03 11:09:55 com_github_MitjaNemec_Archive3DModels.archive_3d_models 150:Remapping: ${KICAD9_3DMODEL_DIR}/Capacitor_SMD.3dshapes/C_Elec_5x5.8.wrl
10-03 11:09:55 com_github_MitjaNemec_Archive3DModels.archive_3d_models 51:Getting 3D models for footprint of: R212
10-03 11:09:55 com_github_MitjaNemec_Archive3DModels.archive_3d_models 63:Trying to copy: ${KICAD8_3RD_PARTY}/3dmodels/com_github_CDFER_JLCPCB-Kicad-Library/JLCPCB.3dshapes/R_0402.step
10-03 11:09:55 com_github_MitjaNemec_Archive3DModels.archive_3d_models 78:Can not find model defined with enviroment variable:
${KICAD8_3RD_PARTY}/3dmodels/com_github_CDFER_JLCPCB-Kicad-Library/JLCPCB.3dshapes/R_0402.step
10-03 11:09:55 com_github_MitjaNemec_Archive3DModels.archive_3d_models 146:Did not copy: ${KICAD8_3RD_PARTY}/3dmodels/com_github_CDFER_JLCPCB-Kicad-Library/JLCPCB.3dshapes/R_0402.step
10-03 11:09:55 com_github_MitjaNemec_Archive3DModels.archive_3d_models 150:Remapping: ${KICAD8_3RD_PARTY}/3dmodels/com_github_CDFER_JLCPCB-Kicad-Library/JLCPCB.3dshapes/R_0402.step
10-03 11:09:55 com_github_MitjaNemec_Archive3DModels.archive_3d_models 51:Getting 3D models for footprint of: R85
10-03 11:09:55 com_github_MitjaNemec_Archive3DModels.archive_3d_models 63:Trying to copy: ${KICAD8_3RD_PARTY}/3dmodels/com_github_CDFER_JLCPCB-Kicad-Library/JLCPCB.3dshapes/R_0402.step
10-03 11:09:55 com_github_MitjaNemec_Archive3DModels.archive_3d_models 78:Can not find model defined with enviroment variable:
${KICAD8_3RD_PARTY}/3dmodels/com_github_CDFER_JLCPCB-Kicad-Library/JLCPCB.3dshapes/R_0402.step
10-03 11:09:55 com_github_MitjaNemec_Archive3DModels.archive_3d_models 146:Did not copy: ${KICAD8_3RD_PARTY}/3dmodels/com_github_CDFER_JLCPCB-Kicad-Library/JLCPCB.3dshapes/R_0402.step
10-03 11:09:55 com_github_MitjaNemec_Archive3DModels.archive_3d_models 150:Remapping: ${KICAD8_3RD_PARTY}/3dmodels/com_github_CDFER_JLCPCB-Kicad-Library/JLCPCB.3dshapes/R_0402.step
10-03 11:09:55 com_github_MitjaNemec_Archive3DModels.archive_3d_models 51:Getting 3D models for footprint of: C109
10-03 11:09:55 com_github_MitjaNemec_Archive3DModels.archive_3d_models 63:Trying to copy: ${KICAD8_3RD_PARTY}/3dmodels/com_github_CDFER_JLCPCB-Kicad-Library/JLCPCB.3dshapes/C_1206.step
10-03 11:09:55 com_github_MitjaNemec_Archive3DModels.archive_3d_models 78:Can not find model defined with enviroment variable:
${KICAD8_3RD_PARTY}/3dmodels/com_github_CDFER_JLCPCB-Kicad-Library/JLCPCB.3dshapes/C_1206.step
10-03 11:09:55 com_github_MitjaNemec_Archive3DModels.archive_3d_models 146:Did not copy: ${KICAD8_3RD_PARTY}/3dmodels/com_github_CDFER_JLCPCB-Kicad-Library/JLCPCB.3dshapes/C_1206.step
10-03 11:09:55 com_github_MitjaNemec_Archive3DModels.archive_3d_models 150:Remapping: ${KICAD8_3RD_PARTY}/3dmodels/com_github_CDFER_JLCPCB-Kicad-Library/JLCPCB.3dshapes/C_1206.step
10-03 11:09:55 com_github_MitjaNemec_Archive3DModels.archive_3d_models 51:Getting 3D models for footprint of: R206
10-03 11:09:55 com_github_MitjaNemec_Archive3DModels.archive_3d_models 63:Trying to copy: ${KICAD8_3RD_PARTY}/3dmodels/com_github_CDFER_JLCPCB-Kicad-Library/JLCPCB.3dshapes/R_0402.step
10-03 11:09:55 com_github_MitjaNemec_Archive3DModels.archive_3d_models 78:Can not find model defined with enviroment variable:
${KICAD8_3RD_PARTY}/3dmodels/com_github_CDFER_JLCPCB-Kicad-Library/JLCPCB.3dshapes/R_0402.step
10-03 11:09:55 com_github_MitjaNemec_Archive3DModels.archive_3d_models 146:Did not copy: ${KICAD8_3RD_PARTY}/3dmodels/com_github_CDFER_JLCPCB-Kicad-Library/JLCPCB.3dshapes/R_0402.step
10-03 11:09:55 com_github_MitjaNemec_Archive3DModels.archive_3d_models 150:Remapping: ${KICAD8_3RD_PARTY}/3dmodels/com_github_CDFER_JLCPCB-Kicad-Library/JLCPCB.3dshapes/R_0402.step
10-03 11:09:55 com_github_MitjaNemec_Archive3DModels.archive_3d_models 51:Getting 3D models for footprint of: R228
10-03 11:09:55 com_github_MitjaNemec_Archive3DModels.archive_3d_models 63:Trying to copy: ${KICAD9_3DMODEL_DIR}/Resistor_SMD.3dshapes/R_0402_1005Metric.wrl
10-03 11:09:55 com_github_MitjaNemec_Archive3DModels.archive_3d_models 150:Remapping: ${KICAD9_3DMODEL_DIR}/Resistor_SMD.3dshapes/R_0402_1005Metric.wrl
10-03 11:09:55 com_github_MitjaNemec_Archive3DModels.archive_3d_models 51:Getting 3D models for footprint of: C131
10-03 11:09:55 com_github_MitjaNemec_Archive3DModels.archive_3d_models 63:Trying to copy: ${KICAD8_3RD_PARTY}/3dmodels/com_github_CDFER_JLCPCB-Kicad-Library/JLCPCB.3dshapes/C_1206.step
10-03 11:09:55 com_github_MitjaNemec_Archive3DModels.archive_3d_models 78:Can not find model defined with enviroment variable:
${KICAD8_3RD_PARTY}/3dmodels/com_github_CDFER_JLCPCB-Kicad-Library/JLCPCB.3dshapes/C_1206.step
10-03 11:09:55 com_github_MitjaNemec_Archive3DModels.archive_3d_models 146:Did not copy: ${KICAD8_3RD_PARTY}/3dmodels/com_github_CDFER_JLCPCB-Kicad-Library/JLCPCB.3dshapes/C_1206.step
10-03 11:09:55 com_github_MitjaNemec_Archive3DModels.archive_3d_models 150:Remapping: ${KICAD8_3RD_PARTY}/3dmodels/com_github_CDFER_JLCPCB-Kicad-Library/JLCPCB.3dshapes/C_1206.step
10-03 11:09:55 com_github_MitjaNemec_Archive3DModels.archive_3d_models 51:Getting 3D models for footprint of: C53
10-03 11:09:55 com_github_MitjaNemec_Archive3DModels.archive_3d_models 63:Trying to copy: ${KICAD8_3RD_PARTY}/3dmodels/com_github_CDFER_JLCPCB-Kicad-Library/JLCPCB.3dshapes/C_0603.step
10-03 11:09:55 com_github_MitjaNemec_Archive3DModels.archive_3d_models 78:Can not find model defined with enviroment variable:
${KICAD8_3RD_PARTY}/3dmodels/com_github_CDFER_JLCPCB-Kicad-Library/JLCPCB.3dshapes/C_0603.step
10-03 11:09:55 com_github_MitjaNemec_Archive3DModels.archive_3d_models 146:Did not copy: ${KICAD8_3RD_PARTY}/3dmodels/com_github_CDFER_JLCPCB-Kicad-Library/JLCPCB.3dshapes/C_0603.step
10-03 11:09:55 com_github_MitjaNemec_Archive3DModels.archive_3d_models 150:Remapping: ${KICAD8_3RD_PARTY}/3dmodels/com_github_CDFER_JLCPCB-Kicad-Library/JLCPCB.3dshapes/C_0603.step
10-03 11:09:55 com_github_MitjaNemec_Archive3DModels.archive_3d_models 51:Getting 3D models for footprint of: R92
10-03 11:09:55 com_github_MitjaNemec_Archive3DModels.archive_3d_models 63:Trying to copy: ${KICAD8_3RD_PARTY}/3dmodels/com_github_CDFER_JLCPCB-Kicad-Library/JLCPCB.3dshapes/R_0402.step
10-03 11:09:55 com_github_MitjaNemec_Archive3DModels.archive_3d_models 78:Can not find model defined with enviroment variable:
${KICAD8_3RD_PARTY}/3dmodels/com_github_CDFER_JLCPCB-Kicad-Library/JLCPCB.3dshapes/R_0402.step
10-03 11:09:55 com_github_MitjaNemec_Archive3DModels.archive_3d_models 146:Did not copy: ${KICAD8_3RD_PARTY}/3dmodels/com_github_CDFER_JLCPCB-Kicad-Library/JLCPCB.3dshapes/R_0402.step
10-03 11:09:55 com_github_MitjaNemec_Archive3DModels.archive_3d_models 150:Remapping: ${KICAD8_3RD_PARTY}/3dmodels/com_github_CDFER_JLCPCB-Kicad-Library/JLCPCB.3dshapes/R_0402.step
10-03 11:09:55 com_github_MitjaNemec_Archive3DModels.archive_3d_models 51:Getting 3D models for footprint of: C12
10-03 11:09:55 com_github_MitjaNemec_Archive3DModels.archive_3d_models 63:Trying to copy: ${KICAD8_3RD_PARTY}/3dmodels/com_github_CDFER_JLCPCB-Kicad-Library/JLCPCB.3dshapes/C_1206.step
10-03 11:09:55 com_github_MitjaNemec_Archive3DModels.archive_3d_models 78:Can not find model defined with enviroment variable:
${KICAD8_3RD_PARTY}/3dmodels/com_github_CDFER_JLCPCB-Kicad-Library/JLCPCB.3dshapes/C_1206.step
10-03 11:09:55 com_github_MitjaNemec_Archive3DModels.archive_3d_models 146:Did not copy: ${KICAD8_3RD_PARTY}/3dmodels/com_github_CDFER_JLCPCB-Kicad-Library/JLCPCB.3dshapes/C_1206.step
10-03 11:09:55 com_github_MitjaNemec_Archive3DModels.archive_3d_models 150:Remapping: ${KICAD8_3RD_PARTY}/3dmodels/com_github_CDFER_JLCPCB-Kicad-Library/JLCPCB.3dshapes/C_1206.step
10-03 11:09:55 com_github_MitjaNemec_Archive3DModels.archive_3d_models 51:Getting 3D models for footprint of: C44
10-03 11:09:55 com_github_MitjaNemec_Archive3DModels.archive_3d_models 63:Trying to copy: ${KICAD8_3RD_PARTY}/3dmodels/com_github_CDFER_JLCPCB-Kicad-Library/JLCPCB.3dshapes/C_0402.step
10-03 11:09:55 com_github_MitjaNemec_Archive3DModels.archive_3d_models 78:Can not find model defined with enviroment variable:
${KICAD8_3RD_PARTY}/3dmodels/com_github_CDFER_JLCPCB-Kicad-Library/JLCPCB.3dshapes/C_0402.step
10-03 11:09:55 com_github_MitjaNemec_Archive3DModels.archive_3d_models 146:Did not copy: ${KICAD8_3RD_PARTY}/3dmodels/com_github_CDFER_JLCPCB-Kicad-Library/JLCPCB.3dshapes/C_0402.step
10-03 11:09:55 com_github_MitjaNemec_Archive3DModels.archive_3d_models 150:Remapping: ${KICAD8_3RD_PARTY}/3dmodels/com_github_CDFER_JLCPCB-Kicad-Library/JLCPCB.3dshapes/C_0402.step
10-03 11:09:55 com_github_MitjaNemec_Archive3DModels.archive_3d_models 51:Getting 3D models for footprint of: R16
10-03 11:09:55 com_github_MitjaNemec_Archive3DModels.archive_3d_models 63:Trying to copy: ${KICAD8_3RD_PARTY}/3dmodels/com_github_CDFER_JLCPCB-Kicad-Library/JLCPCB.3dshapes/R_0402.step
10-03 11:09:55 com_github_MitjaNemec_Archive3DModels.archive_3d_models 78:Can not find model defined with enviroment variable:
${KICAD8_3RD_PARTY}/3dmodels/com_github_CDFER_JLCPCB-Kicad-Library/JLCPCB.3dshapes/R_0402.step
10-03 11:09:55 com_github_MitjaNemec_Archive3DModels.archive_3d_models 146:Did not copy: ${KICAD8_3RD_PARTY}/3dmodels/com_github_CDFER_JLCPCB-Kicad-Library/JLCPCB.3dshapes/R_0402.step
10-03 11:09:55 com_github_MitjaNemec_Archive3DModels.archive_3d_models 150:Remapping: ${KICAD8_3RD_PARTY}/3dmodels/com_github_CDFER_JLCPCB-Kicad-Library/JLCPCB.3dshapes/R_0402.step
10-03 11:09:55 com_github_MitjaNemec_Archive3DModels.archive_3d_models 51:Getting 3D models for footprint of: R97
10-03 11:09:55 com_github_MitjaNemec_Archive3DModels.archive_3d_models 63:Trying to copy: ${KICAD8_3RD_PARTY}/3dmodels/com_github_CDFER_JLCPCB-Kicad-Library/JLCPCB.3dshapes/R_0402.step
10-03 11:09:55 com_github_MitjaNemec_Archive3DModels.archive_3d_models 78:Can not find model defined with enviroment variable:
${KICAD8_3RD_PARTY}/3dmodels/com_github_CDFER_JLCPCB-Kicad-Library/JLCPCB.3dshapes/R_0402.step
10-03 11:09:55 com_github_MitjaNemec_Archive3DModels.archive_3d_models 146:Did not copy: ${KICAD8_3RD_PARTY}/3dmodels/com_github_CDFER_JLCPCB-Kicad-Library/JLCPCB.3dshapes/R_0402.step
10-03 11:09:55 com_github_MitjaNemec_Archive3DModels.archive_3d_models 150:Remapping: ${KICAD8_3RD_PARTY}/3dmodels/com_github_CDFER_JLCPCB-Kicad-Library/JLCPCB.3dshapes/R_0402.step
10-03 11:09:55 com_github_MitjaNemec_Archive3DModels.archive_3d_models 51:Getting 3D models for footprint of: C214
10-03 11:09:55 com_github_MitjaNemec_Archive3DModels.archive_3d_models 63:Trying to copy: ${KICAD8_3RD_PARTY}/3dmodels/com_github_CDFER_JLCPCB-Kicad-Library/JLCPCB.3dshapes/C_0402.step
10-03 11:09:55 com_github_MitjaNemec_Archive3DModels.archive_3d_models 78:Can not find model defined with enviroment variable:
${KICAD8_3RD_PARTY}/3dmodels/com_github_CDFER_JLCPCB-Kicad-Library/JLCPCB.3dshapes/C_0402.step
10-03 11:09:55 com_github_MitjaNemec_Archive3DModels.archive_3d_models 146:Did not copy: ${KICAD8_3RD_PARTY}/3dmodels/com_github_CDFER_JLCPCB-Kicad-Library/JLCPCB.3dshapes/C_0402.step
10-03 11:09:55 com_github_MitjaNemec_Archive3DModels.archive_3d_models 150:Remapping: ${KICAD8_3RD_PARTY}/3dmodels/com_github_CDFER_JLCPCB-Kicad-Library/JLCPCB.3dshapes/C_0402.step
10-03 11:09:55 com_github_MitjaNemec_Archive3DModels.archive_3d_models 51:Getting 3D models for footprint of: C45
10-03 11:09:55 com_github_MitjaNemec_Archive3DModels.archive_3d_models 63:Trying to copy: ${KICAD8_3RD_PARTY}/3dmodels/com_github_CDFER_JLCPCB-Kicad-Library/JLCPCB.3dshapes/C_0402.step
10-03 11:09:55 com_github_MitjaNemec_Archive3DModels.archive_3d_models 78:Can not find model defined with enviroment variable:
${KICAD8_3RD_PARTY}/3dmodels/com_github_CDFER_JLCPCB-Kicad-Library/JLCPCB.3dshapes/C_0402.step
10-03 11:09:55 com_github_MitjaNemec_Archive3DModels.archive_3d_models 146:Did not copy: ${KICAD8_3RD_PARTY}/3dmodels/com_github_CDFER_JLCPCB-Kicad-Library/JLCPCB.3dshapes/C_0402.step
10-03 11:09:55 com_github_MitjaNemec_Archive3DModels.archive_3d_models 150:Remapping: ${KICAD8_3RD_PARTY}/3dmodels/com_github_CDFER_JLCPCB-Kicad-Library/JLCPCB.3dshapes/C_0402.step
10-03 11:09:55 com_github_MitjaNemec_Archive3DModels.archive_3d_models 51:Getting 3D models for footprint of: C26
10-03 11:09:55 com_github_MitjaNemec_Archive3DModels.archive_3d_models 63:Trying to copy: ${KICAD9_3DMODEL_DIR}/Capacitor_SMD.3dshapes/C_1206_3216Metric.step
10-03 11:09:55 com_github_MitjaNemec_Archive3DModels.archive_3d_models 150:Remapping: ${KICAD9_3DMODEL_DIR}/Capacitor_SMD.3dshapes/C_1206_3216Metric.step
10-03 11:09:55 com_github_MitjaNemec_Archive3DModels.archive_3d_models 51:Getting 3D models for footprint of: C219
10-03 11:09:55 com_github_MitjaNemec_Archive3DModels.archive_3d_models 63:Trying to copy: ${KICAD8_3RD_PARTY}/3dmodels/com_github_CDFER_JLCPCB-Kicad-Library/JLCPCB.3dshapes/C_0402.step
10-03 11:09:55 com_github_MitjaNemec_Archive3DModels.archive_3d_models 78:Can not find model defined with enviroment variable:
${KICAD8_3RD_PARTY}/3dmodels/com_github_CDFER_JLCPCB-Kicad-Library/JLCPCB.3dshapes/C_0402.step
10-03 11:09:55 com_github_MitjaNemec_Archive3DModels.archive_3d_models 146:Did not copy: ${KICAD8_3RD_PARTY}/3dmodels/com_github_CDFER_JLCPCB-Kicad-Library/JLCPCB.3dshapes/C_0402.step
10-03 11:09:55 com_github_MitjaNemec_Archive3DModels.archive_3d_models 150:Remapping: ${KICAD8_3RD_PARTY}/3dmodels/com_github_CDFER_JLCPCB-Kicad-Library/JLCPCB.3dshapes/C_0402.step
10-03 11:09:55 com_github_MitjaNemec_Archive3DModels.archive_3d_models 51:Getting 3D models for footprint of: R230
10-03 11:09:55 com_github_MitjaNemec_Archive3DModels.archive_3d_models 63:Trying to copy: ${KICAD8_3RD_PARTY}/3dmodels/com_github_CDFER_JLCPCB-Kicad-Library/JLCPCB.3dshapes/R_1206.step
10-03 11:09:55 com_github_MitjaNemec_Archive3DModels.archive_3d_models 78:Can not find model defined with enviroment variable:
${KICAD8_3RD_PARTY}/3dmodels/com_github_CDFER_JLCPCB-Kicad-Library/JLCPCB.3dshapes/R_1206.step
10-03 11:09:55 com_github_MitjaNemec_Archive3DModels.archive_3d_models 146:Did not copy: ${KICAD8_3RD_PARTY}/3dmodels/com_github_CDFER_JLCPCB-Kicad-Library/JLCPCB.3dshapes/R_1206.step
10-03 11:09:55 com_github_MitjaNemec_Archive3DModels.archive_3d_models 150:Remapping: ${KICAD8_3RD_PARTY}/3dmodels/com_github_CDFER_JLCPCB-Kicad-Library/JLCPCB.3dshapes/R_1206.step
10-03 11:09:55 com_github_MitjaNemec_Archive3DModels.archive_3d_models 51:Getting 3D models for footprint of: C233
10-03 11:09:55 com_github_MitjaNemec_Archive3DModels.archive_3d_models 63:Trying to copy: ${KICAD8_3RD_PARTY}/3dmodels/com_github_CDFER_JLCPCB-Kicad-Library/JLCPCB.3dshapes/C_0402.step
10-03 11:09:55 com_github_MitjaNemec_Archive3DModels.archive_3d_models 78:Can not find model defined with enviroment variable:
${KICAD8_3RD_PARTY}/3dmodels/com_github_CDFER_JLCPCB-Kicad-Library/JLCPCB.3dshapes/C_0402.step
10-03 11:09:55 com_github_MitjaNemec_Archive3DModels.archive_3d_models 146:Did not copy: ${KICAD8_3RD_PARTY}/3dmodels/com_github_CDFER_JLCPCB-Kicad-Library/JLCPCB.3dshapes/C_0402.step
10-03 11:09:55 com_github_MitjaNemec_Archive3DModels.archive_3d_models 150:Remapping: ${KICAD8_3RD_PARTY}/3dmodels/com_github_CDFER_JLCPCB-Kicad-Library/JLCPCB.3dshapes/C_0402.step
10-03 11:09:55 com_github_MitjaNemec_Archive3DModels.archive_3d_models 51:Getting 3D models for footprint of: J3
10-03 11:09:55 com_github_MitjaNemec_Archive3DModels.archive_3d_models 63:Trying to copy: C:/Users/kovac/Downloads/dcj200-10-a-k1-k.stp
10-03 11:09:55 com_github_MitjaNemec_Archive3DModels.archive_3d_models 150:Remapping: C:/Users/kovac/Downloads/dcj200-10-a-k1-k.stp
10-03 11:09:55 com_github_MitjaNemec_Archive3DModels.archive_3d_models 51:Getting 3D models for footprint of: R87
10-03 11:09:55 com_github_MitjaNemec_Archive3DModels.archive_3d_models 63:Trying to copy: ${KICAD8_3RD_PARTY}/3dmodels/com_github_CDFER_JLCPCB-Kicad-Library/JLCPCB.3dshapes/R_0402.step
10-03 11:09:55 com_github_MitjaNemec_Archive3DModels.archive_3d_models 78:Can not find model defined with enviroment variable:
${KICAD8_3RD_PARTY}/3dmodels/com_github_CDFER_JLCPCB-Kicad-Library/JLCPCB.3dshapes/R_0402.step
10-03 11:09:55 com_github_MitjaNemec_Archive3DModels.archive_3d_models 146:Did not copy: ${KICAD8_3RD_PARTY}/3dmodels/com_github_CDFER_JLCPCB-Kicad-Library/JLCPCB.3dshapes/R_0402.step
10-03 11:09:55 com_github_MitjaNemec_Archive3DModels.archive_3d_models 150:Remapping: ${KICAD8_3RD_PARTY}/3dmodels/com_github_CDFER_JLCPCB-Kicad-Library/JLCPCB.3dshapes/R_0402.step
10-03 11:09:55 com_github_MitjaNemec_Archive3DModels.archive_3d_models 51:Getting 3D models for footprint of: C3
10-03 11:09:55 com_github_MitjaNemec_Archive3DModels.archive_3d_models 63:Trying to copy: ${KICAD8_3RD_PARTY}/3dmodels/com_github_CDFER_JLCPCB-Kicad-Library/JLCPCB.3dshapes/C_0402.step
10-03 11:09:55 com_github_MitjaNemec_Archive3DModels.archive_3d_models 78:Can not find model defined with enviroment variable:
${KICAD8_3RD_PARTY}/3dmodels/com_github_CDFER_JLCPCB-Kicad-Library/JLCPCB.3dshapes/C_0402.step
10-03 11:09:55 com_github_MitjaNemec_Archive3DModels.archive_3d_models 146:Did not copy: ${KICAD8_3RD_PARTY}/3dmodels/com_github_CDFER_JLCPCB-Kicad-Library/JLCPCB.3dshapes/C_0402.step
10-03 11:09:55 com_github_MitjaNemec_Archive3DModels.archive_3d_models 150:Remapping: ${KICAD8_3RD_PARTY}/3dmodels/com_github_CDFER_JLCPCB-Kicad-Library/JLCPCB.3dshapes/C_0402.step
10-03 11:09:55 com_github_MitjaNemec_Archive3DModels.archive_3d_models 51:Getting 3D models for footprint of: C43
10-03 11:09:55 com_github_MitjaNemec_Archive3DModels.archive_3d_models 63:Trying to copy: ${KICAD8_3RD_PARTY}/3dmodels/com_github_CDFER_JLCPCB-Kicad-Library/JLCPCB.3dshapes/C_0402.step
10-03 11:09:55 com_github_MitjaNemec_Archive3DModels.archive_3d_models 78:Can not find model defined with enviroment variable:
${KICAD8_3RD_PARTY}/3dmodels/com_github_CDFER_JLCPCB-Kicad-Library/JLCPCB.3dshapes/C_0402.step
10-03 11:09:55 com_github_MitjaNemec_Archive3DModels.archive_3d_models 146:Did not copy: ${KICAD8_3RD_PARTY}/3dmodels/com_github_CDFER_JLCPCB-Kicad-Library/JLCPCB.3dshapes/C_0402.step
10-03 11:09:55 com_github_MitjaNemec_Archive3DModels.archive_3d_models 150:Remapping: ${KICAD8_3RD_PARTY}/3dmodels/com_github_CDFER_JLCPCB-Kicad-Library/JLCPCB.3dshapes/C_0402.step
10-03 11:09:55 com_github_MitjaNemec_Archive3DModels.archive_3d_models 51:Getting 3D models for footprint of: C240
10-03 11:09:55 com_github_MitjaNemec_Archive3DModels.archive_3d_models 63:Trying to copy: ${KICAD8_3RD_PARTY}/3dmodels/com_github_CDFER_JLCPCB-Kicad-Library/JLCPCB.3dshapes/C_0805.step
10-03 11:09:55 com_github_MitjaNemec_Archive3DModels.archive_3d_models 78:Can not find model defined with enviroment variable:
${KICAD8_3RD_PARTY}/3dmodels/com_github_CDFER_JLCPCB-Kicad-Library/JLCPCB.3dshapes/C_0805.step
10-03 11:09:55 com_github_MitjaNemec_Archive3DModels.archive_3d_models 146:Did not copy: ${KICAD8_3RD_PARTY}/3dmodels/com_github_CDFER_JLCPCB-Kicad-Library/JLCPCB.3dshapes/C_0805.step
10-03 11:09:55 com_github_MitjaNemec_Archive3DModels.archive_3d_models 150:Remapping: ${KICAD8_3RD_PARTY}/3dmodels/com_github_CDFER_JLCPCB-Kicad-Library/JLCPCB.3dshapes/C_0805.step
10-03 11:09:55 com_github_MitjaNemec_Archive3DModels.archive_3d_models 51:Getting 3D models for footprint of: C217
10-03 11:09:55 com_github_MitjaNemec_Archive3DModels.archive_3d_models 63:Trying to copy: ${KICAD8_3RD_PARTY}/3dmodels/com_github_CDFER_JLCPCB-Kicad-Library/JLCPCB.3dshapes/C_0402.step
10-03 11:09:55 com_github_MitjaNemec_Archive3DModels.archive_3d_models 78:Can not find model defined with enviroment variable:
${KICAD8_3RD_PARTY}/3dmodels/com_github_CDFER_JLCPCB-Kicad-Library/JLCPCB.3dshapes/C_0402.step
10-03 11:09:55 com_github_MitjaNemec_Archive3DModels.archive_3d_models 146:Did not copy: ${KICAD8_3RD_PARTY}/3dmodels/com_github_CDFER_JLCPCB-Kicad-Library/JLCPCB.3dshapes/C_0402.step
10-03 11:09:55 com_github_MitjaNemec_Archive3DModels.archive_3d_models 150:Remapping: ${KICAD8_3RD_PARTY}/3dmodels/com_github_CDFER_JLCPCB-Kicad-Library/JLCPCB.3dshapes/C_0402.step
10-03 11:09:55 com_github_MitjaNemec_Archive3DModels.archive_3d_models 51:Getting 3D models for footprint of: R93
10-03 11:09:55 com_github_MitjaNemec_Archive3DModels.archive_3d_models 63:Trying to copy: ${KICAD8_3RD_PARTY}/3dmodels/com_github_CDFER_JLCPCB-Kicad-Library/JLCPCB.3dshapes/R_0402.step
10-03 11:09:55 com_github_MitjaNemec_Archive3DModels.archive_3d_models 78:Can not find model defined with enviroment variable:
${KICAD8_3RD_PARTY}/3dmodels/com_github_CDFER_JLCPCB-Kicad-Library/JLCPCB.3dshapes/R_0402.step
10-03 11:09:55 com_github_MitjaNemec_Archive3DModels.archive_3d_models 146:Did not copy: ${KICAD8_3RD_PARTY}/3dmodels/com_github_CDFER_JLCPCB-Kicad-Library/JLCPCB.3dshapes/R_0402.step
10-03 11:09:55 com_github_MitjaNemec_Archive3DModels.archive_3d_models 150:Remapping: ${KICAD8_3RD_PARTY}/3dmodels/com_github_CDFER_JLCPCB-Kicad-Library/JLCPCB.3dshapes/R_0402.step
10-03 11:09:55 com_github_MitjaNemec_Archive3DModels.archive_3d_models 51:Getting 3D models for footprint of: C48
10-03 11:09:55 com_github_MitjaNemec_Archive3DModels.archive_3d_models 63:Trying to copy: ${KICAD8_3RD_PARTY}/3dmodels/com_github_CDFER_JLCPCB-Kicad-Library/JLCPCB.3dshapes/C_0402.step
10-03 11:09:55 com_github_MitjaNemec_Archive3DModels.archive_3d_models 78:Can not find model defined with enviroment variable:
${KICAD8_3RD_PARTY}/3dmodels/com_github_CDFER_JLCPCB-Kicad-Library/JLCPCB.3dshapes/C_0402.step
10-03 11:09:55 com_github_MitjaNemec_Archive3DModels.archive_3d_models 146:Did not copy: ${KICAD8_3RD_PARTY}/3dmodels/com_github_CDFER_JLCPCB-Kicad-Library/JLCPCB.3dshapes/C_0402.step
10-03 11:09:55 com_github_MitjaNemec_Archive3DModels.archive_3d_models 150:Remapping: ${KICAD8_3RD_PARTY}/3dmodels/com_github_CDFER_JLCPCB-Kicad-Library/JLCPCB.3dshapes/C_0402.step
10-03 11:09:55 com_github_MitjaNemec_Archive3DModels.archive_3d_models 51:Getting 3D models for footprint of: R24
10-03 11:09:55 com_github_MitjaNemec_Archive3DModels.archive_3d_models 63:Trying to copy: ${KICAD9_3DMODEL_DIR}/Resistor_SMD.3dshapes/R_0603_1608Metric.step
10-03 11:09:55 com_github_MitjaNemec_Archive3DModels.archive_3d_models 150:Remapping: ${KICAD9_3DMODEL_DIR}/Resistor_SMD.3dshapes/R_0603_1608Metric.step
10-03 11:09:55 com_github_MitjaNemec_Archive3DModels.archive_3d_models 51:Getting 3D models for footprint of: C205
10-03 11:09:55 com_github_MitjaNemec_Archive3DModels.archive_3d_models 63:Trying to copy: ${KICAD9_3DMODEL_DIR}/Capacitor_SMD.3dshapes/C_Elec_5x5.8.wrl
10-03 11:09:55 com_github_MitjaNemec_Archive3DModels.archive_3d_models 150:Remapping: ${KICAD9_3DMODEL_DIR}/Capacitor_SMD.3dshapes/C_Elec_5x5.8.wrl
10-03 11:09:55 com_github_MitjaNemec_Archive3DModels.archive_3d_models 51:Getting 3D models for footprint of: R22
10-03 11:09:55 com_github_MitjaNemec_Archive3DModels.archive_3d_models 63:Trying to copy: ${KICAD8_3RD_PARTY}/3dmodels/com_github_CDFER_JLCPCB-Kicad-Library/JLCPCB.3dshapes/R_0402.step
10-03 11:09:55 com_github_MitjaNemec_Archive3DModels.archive_3d_models 78:Can not find model defined with enviroment variable:
${KICAD8_3RD_PARTY}/3dmodels/com_github_CDFER_JLCPCB-Kicad-Library/JLCPCB.3dshapes/R_0402.step
10-03 11:09:55 com_github_MitjaNemec_Archive3DModels.archive_3d_models 146:Did not copy: ${KICAD8_3RD_PARTY}/3dmodels/com_github_CDFER_JLCPCB-Kicad-Library/JLCPCB.3dshapes/R_0402.step
10-03 11:09:55 com_github_MitjaNemec_Archive3DModels.archive_3d_models 150:Remapping: ${KICAD8_3RD_PARTY}/3dmodels/com_github_CDFER_JLCPCB-Kicad-Library/JLCPCB.3dshapes/R_0402.step
10-03 11:09:55 com_github_MitjaNemec_Archive3DModels.archive_3d_models 51:Getting 3D models for footprint of: C92
10-03 11:09:55 com_github_MitjaNemec_Archive3DModels.archive_3d_models 63:Trying to copy: ${KICAD8_3RD_PARTY}/3dmodels/com_github_CDFER_JLCPCB-Kicad-Library/JLCPCB.3dshapes/C_0402.step
10-03 11:09:55 com_github_MitjaNemec_Archive3DModels.archive_3d_models 78:Can not find model defined with enviroment variable:
${KICAD8_3RD_PARTY}/3dmodels/com_github_CDFER_JLCPCB-Kicad-Library/JLCPCB.3dshapes/C_0402.step
10-03 11:09:55 com_github_MitjaNemec_Archive3DModels.archive_3d_models 146:Did not copy: ${KICAD8_3RD_PARTY}/3dmodels/com_github_CDFER_JLCPCB-Kicad-Library/JLCPCB.3dshapes/C_0402.step
10-03 11:09:55 com_github_MitjaNemec_Archive3DModels.archive_3d_models 150:Remapping: ${KICAD8_3RD_PARTY}/3dmodels/com_github_CDFER_JLCPCB-Kicad-Library/JLCPCB.3dshapes/C_0402.step
10-03 11:09:55 com_github_MitjaNemec_Archive3DModels.archive_3d_models 51:Getting 3D models for footprint of: R219
10-03 11:09:55 com_github_MitjaNemec_Archive3DModels.archive_3d_models 63:Trying to copy: ${KICAD8_3RD_PARTY}/3dmodels/com_github_CDFER_JLCPCB-Kicad-Library/JLCPCB.3dshapes/R_0402.step
10-03 11:09:55 com_github_MitjaNemec_Archive3DModels.archive_3d_models 78:Can not find model defined with enviroment variable:
${KICAD8_3RD_PARTY}/3dmodels/com_github_CDFER_JLCPCB-Kicad-Library/JLCPCB.3dshapes/R_0402.step
10-03 11:09:55 com_github_MitjaNemec_Archive3DModels.archive_3d_models 146:Did not copy: ${KICAD8_3RD_PARTY}/3dmodels/com_github_CDFER_JLCPCB-Kicad-Library/JLCPCB.3dshapes/R_0402.step
10-03 11:09:55 com_github_MitjaNemec_Archive3DModels.archive_3d_models 150:Remapping: ${KICAD8_3RD_PARTY}/3dmodels/com_github_CDFER_JLCPCB-Kicad-Library/JLCPCB.3dshapes/R_0402.step
10-03 11:09:55 com_github_MitjaNemec_Archive3DModels.archive_3d_models 51:Getting 3D models for footprint of: L1
10-03 11:09:55 com_github_MitjaNemec_Archive3DModels.archive_3d_models 63:Trying to copy: ${KICAD9_3DMODEL_DIR}/Inductor_SMD.3dshapes/L_1206_3216Metric.wrl
10-03 11:09:55 com_github_MitjaNemec_Archive3DModels.archive_3d_models 150:Remapping: ${KICAD9_3DMODEL_DIR}/Inductor_SMD.3dshapes/L_1206_3216Metric.wrl
10-03 11:09:55 com_github_MitjaNemec_Archive3DModels.archive_3d_models 51:Getting 3D models for footprint of: C213
10-03 11:09:55 com_github_MitjaNemec_Archive3DModels.archive_3d_models 63:Trying to copy: ${KICAD8_3RD_PARTY}/3dmodels/com_github_CDFER_JLCPCB-Kicad-Library/JLCPCB.3dshapes/C_0402.step
10-03 11:09:55 com_github_MitjaNemec_Archive3DModels.archive_3d_models 78:Can not find model defined with enviroment variable:
${KICAD8_3RD_PARTY}/3dmodels/com_github_CDFER_JLCPCB-Kicad-Library/JLCPCB.3dshapes/C_0402.step
10-03 11:09:55 com_github_MitjaNemec_Archive3DModels.archive_3d_models 146:Did not copy: ${KICAD8_3RD_PARTY}/3dmodels/com_github_CDFER_JLCPCB-Kicad-Library/JLCPCB.3dshapes/C_0402.step
10-03 11:09:55 com_github_MitjaNemec_Archive3DModels.archive_3d_models 150:Remapping: ${KICAD8_3RD_PARTY}/3dmodels/com_github_CDFER_JLCPCB-Kicad-Library/JLCPCB.3dshapes/C_0402.step
10-03 11:09:55 com_github_MitjaNemec_Archive3DModels.archive_3d_models 51:Getting 3D models for footprint of: C1
10-03 11:09:55 com_github_MitjaNemec_Archive3DModels.archive_3d_models 63:Trying to copy: ${KICAD8_3RD_PARTY}/3dmodels/com_github_CDFER_JLCPCB-Kicad-Library/JLCPCB.3dshapes/C_0402.step
10-03 11:09:55 com_github_MitjaNemec_Archive3DModels.archive_3d_models 78:Can not find model defined with enviroment variable:
${KICAD8_3RD_PARTY}/3dmodels/com_github_CDFER_JLCPCB-Kicad-Library/JLCPCB.3dshapes/C_0402.step
10-03 11:09:55 com_github_MitjaNemec_Archive3DModels.archive_3d_models 146:Did not copy: ${KICAD8_3RD_PARTY}/3dmodels/com_github_CDFER_JLCPCB-Kicad-Library/JLCPCB.3dshapes/C_0402.step
10-03 11:09:55 com_github_MitjaNemec_Archive3DModels.archive_3d_models 150:Remapping: ${KICAD8_3RD_PARTY}/3dmodels/com_github_CDFER_JLCPCB-Kicad-Library/JLCPCB.3dshapes/C_0402.step
10-03 11:09:55 com_github_MitjaNemec_Archive3DModels.archive_3d_models 51:Getting 3D models for footprint of: R227
10-03 11:09:55 com_github_MitjaNemec_Archive3DModels.archive_3d_models 63:Trying to copy: ${KICAD9_3DMODEL_DIR}/Resistor_SMD.3dshapes/R_0402_1005Metric.wrl
10-03 11:09:55 com_github_MitjaNemec_Archive3DModels.archive_3d_models 150:Remapping: ${KICAD9_3DMODEL_DIR}/Resistor_SMD.3dshapes/R_0402_1005Metric.wrl
10-03 11:09:55 com_github_MitjaNemec_Archive3DModels.archive_3d_models 51:Getting 3D models for footprint of: C66
10-03 11:09:55 com_github_MitjaNemec_Archive3DModels.archive_3d_models 63:Trying to copy: ${KICAD8_3RD_PARTY}/3dmodels/com_github_CDFER_JLCPCB-Kicad-Library/JLCPCB.3dshapes/C_0402.step
10-03 11:09:55 com_github_MitjaNemec_Archive3DModels.archive_3d_models 78:Can not find model defined with enviroment variable:
${KICAD8_3RD_PARTY}/3dmodels/com_github_CDFER_JLCPCB-Kicad-Library/JLCPCB.3dshapes/C_0402.step
10-03 11:09:55 com_github_MitjaNemec_Archive3DModels.archive_3d_models 146:Did not copy: ${KICAD8_3RD_PARTY}/3dmodels/com_github_CDFER_JLCPCB-Kicad-Library/JLCPCB.3dshapes/C_0402.step
10-03 11:09:55 com_github_MitjaNemec_Archive3DModels.archive_3d_models 150:Remapping: ${KICAD8_3RD_PARTY}/3dmodels/com_github_CDFER_JLCPCB-Kicad-Library/JLCPCB.3dshapes/C_0402.step
10-03 11:09:55 com_github_MitjaNemec_Archive3DModels.archive_3d_models 51:Getting 3D models for footprint of: D203
10-03 11:09:55 com_github_MitjaNemec_Archive3DModels.archive_3d_models 63:Trying to copy: ${KICAD9_3DMODEL_DIR}/Package_TO_SOT_SMD.3dshapes/SOT-23.wrl
10-03 11:09:55 com_github_MitjaNemec_Archive3DModels.archive_3d_models 150:Remapping: ${KICAD9_3DMODEL_DIR}/Package_TO_SOT_SMD.3dshapes/SOT-23.wrl
10-03 11:09:55 com_github_MitjaNemec_Archive3DModels.archive_3d_models 51:Getting 3D models for footprint of: C206
10-03 11:09:55 com_github_MitjaNemec_Archive3DModels.archive_3d_models 63:Trying to copy: ${KICAD9_3DMODEL_DIR}/Capacitor_SMD.3dshapes/C_Elec_5x5.8.wrl
10-03 11:09:55 com_github_MitjaNemec_Archive3DModels.archive_3d_models 150:Remapping: ${KICAD9_3DMODEL_DIR}/Capacitor_SMD.3dshapes/C_Elec_5x5.8.wrl
10-03 11:09:55 com_github_MitjaNemec_Archive3DModels.archive_3d_models 51:Getting 3D models for footprint of: C30
10-03 11:09:55 com_github_MitjaNemec_Archive3DModels.archive_3d_models 63:Trying to copy: ${KICAD9_3DMODEL_DIR}/Capacitor_SMD.3dshapes/C_0603_1608Metric.step
10-03 11:09:55 com_github_MitjaNemec_Archive3DModels.archive_3d_models 150:Remapping: ${KICAD9_3DMODEL_DIR}/Capacitor_SMD.3dshapes/C_0603_1608Metric.step
10-03 11:09:55 com_github_MitjaNemec_Archive3DModels.archive_3d_models 51:Getting 3D models for footprint of: R13
10-03 11:09:55 com_github_MitjaNemec_Archive3DModels.archive_3d_models 63:Trying to copy: ${KICAD8_3RD_PARTY}/3dmodels/com_github_CDFER_JLCPCB-Kicad-Library/JLCPCB.3dshapes/R_0402.step
10-03 11:09:55 com_github_MitjaNemec_Archive3DModels.archive_3d_models 78:Can not find model defined with enviroment variable:
${KICAD8_3RD_PARTY}/3dmodels/com_github_CDFER_JLCPCB-Kicad-Library/JLCPCB.3dshapes/R_0402.step
10-03 11:09:55 com_github_MitjaNemec_Archive3DModels.archive_3d_models 146:Did not copy: ${KICAD8_3RD_PARTY}/3dmodels/com_github_CDFER_JLCPCB-Kicad-Library/JLCPCB.3dshapes/R_0402.step
10-03 11:09:55 com_github_MitjaNemec_Archive3DModels.archive_3d_models 150:Remapping: ${KICAD8_3RD_PARTY}/3dmodels/com_github_CDFER_JLCPCB-Kicad-Library/JLCPCB.3dshapes/R_0402.step
10-03 11:09:55 com_github_MitjaNemec_Archive3DModels.archive_3d_models 51:Getting 3D models for footprint of: R27
10-03 11:09:55 com_github_MitjaNemec_Archive3DModels.archive_3d_models 63:Trying to copy: ${KICAD9_3DMODEL_DIR}/Resistor_SMD.3dshapes/R_0603_1608Metric.step
10-03 11:09:55 com_github_MitjaNemec_Archive3DModels.archive_3d_models 150:Remapping: ${KICAD9_3DMODEL_DIR}/Resistor_SMD.3dshapes/R_0603_1608Metric.step
10-03 11:09:55 com_github_MitjaNemec_Archive3DModels.archive_3d_models 51:Getting 3D models for footprint of: U4
10-03 11:09:55 com_github_MitjaNemec_Archive3DModels.archive_3d_models 63:Trying to copy: ${KICAD9_3DMODEL_DIR}/Package_SON.3dshapes/Texas_S-PVSON-N10.wrl
10-03 11:09:55 com_github_MitjaNemec_Archive3DModels.archive_3d_models 150:Remapping: ${KICAD9_3DMODEL_DIR}/Package_SON.3dshapes/Texas_S-PVSON-N10.wrl
10-03 11:09:55 com_github_MitjaNemec_Archive3DModels.archive_3d_models 51:Getting 3D models for footprint of: R59
10-03 11:09:55 com_github_MitjaNemec_Archive3DModels.archive_3d_models 63:Trying to copy: ${KICAD9_3DMODEL_DIR}/Resistor_SMD.3dshapes/R_0402_1005Metric.wrl
10-03 11:09:55 com_github_MitjaNemec_Archive3DModels.archive_3d_models 150:Remapping: ${KICAD9_3DMODEL_DIR}/Resistor_SMD.3dshapes/R_0402_1005Metric.wrl
10-03 11:09:55 com_github_MitjaNemec_Archive3DModels.archive_3d_models 51:Getting 3D models for footprint of: C47
10-03 11:09:55 com_github_MitjaNemec_Archive3DModels.archive_3d_models 63:Trying to copy: ${KICAD8_3RD_PARTY}/3dmodels/com_github_CDFER_JLCPCB-Kicad-Library/JLCPCB.3dshapes/C_0402.step
10-03 11:09:55 com_github_MitjaNemec_Archive3DModels.archive_3d_models 78:Can not find model defined with enviroment variable:
${KICAD8_3RD_PARTY}/3dmodels/com_github_CDFER_JLCPCB-Kicad-Library/JLCPCB.3dshapes/C_0402.step
10-03 11:09:55 com_github_MitjaNemec_Archive3DModels.archive_3d_models 146:Did not copy: ${KICAD8_3RD_PARTY}/3dmodels/com_github_CDFER_JLCPCB-Kicad-Library/JLCPCB.3dshapes/C_0402.step
10-03 11:09:55 com_github_MitjaNemec_Archive3DModels.archive_3d_models 150:Remapping: ${KICAD8_3RD_PARTY}/3dmodels/com_github_CDFER_JLCPCB-Kicad-Library/JLCPCB.3dshapes/C_0402.step
10-03 11:09:55 com_github_MitjaNemec_Archive3DModels.archive_3d_models 51:Getting 3D models for footprint of: R14
10-03 11:09:55 com_github_MitjaNemec_Archive3DModels.archive_3d_models 63:Trying to copy: ${KICAD8_3RD_PARTY}/3dmodels/com_github_CDFER_JLCPCB-Kicad-Library/JLCPCB.3dshapes/R_0402.step
10-03 11:09:55 com_github_MitjaNemec_Archive3DModels.archive_3d_models 78:Can not find model defined with enviroment variable:
${KICAD8_3RD_PARTY}/3dmodels/com_github_CDFER_JLCPCB-Kicad-Library/JLCPCB.3dshapes/R_0402.step
10-03 11:09:55 com_github_MitjaNemec_Archive3DModels.archive_3d_models 146:Did not copy: ${KICAD8_3RD_PARTY}/3dmodels/com_github_CDFER_JLCPCB-Kicad-Library/JLCPCB.3dshapes/R_0402.step
10-03 11:09:55 com_github_MitjaNemec_Archive3DModels.archive_3d_models 150:Remapping: ${KICAD8_3RD_PARTY}/3dmodels/com_github_CDFER_JLCPCB-Kicad-Library/JLCPCB.3dshapes/R_0402.step
10-03 11:09:55 com_github_MitjaNemec_Archive3DModels.archive_3d_models 51:Getting 3D models for footprint of: U203
10-03 11:09:55 com_github_MitjaNemec_Archive3DModels.archive_3d_models 63:Trying to copy: ${KICAD9_3DMODEL_DIR}/Package_SO.3dshapes/VSSOP-8_3x3mm_P0.65mm.wrl
10-03 11:09:55 com_github_MitjaNemec_Archive3DModels.archive_3d_models 150:Remapping: ${KICAD9_3DMODEL_DIR}/Package_SO.3dshapes/VSSOP-8_3x3mm_P0.65mm.wrl
10-03 11:09:55 com_github_MitjaNemec_Archive3DModels.archive_3d_models 51:Getting 3D models for footprint of: C218
10-03 11:09:55 com_github_MitjaNemec_Archive3DModels.archive_3d_models 63:Trying to copy: ${KICAD8_3RD_PARTY}/3dmodels/com_github_CDFER_JLCPCB-Kicad-Library/JLCPCB.3dshapes/C_0402.step
10-03 11:09:55 com_github_MitjaNemec_Archive3DModels.archive_3d_models 78:Can not find model defined with enviroment variable:
${KICAD8_3RD_PARTY}/3dmodels/com_github_CDFER_JLCPCB-Kicad-Library/JLCPCB.3dshapes/C_0402.step
10-03 11:09:55 com_github_MitjaNemec_Archive3DModels.archive_3d_models 146:Did not copy: ${KICAD8_3RD_PARTY}/3dmodels/com_github_CDFER_JLCPCB-Kicad-Library/JLCPCB.3dshapes/C_0402.step
10-03 11:09:55 com_github_MitjaNemec_Archive3DModels.archive_3d_models 150:Remapping: ${KICAD8_3RD_PARTY}/3dmodels/com_github_CDFER_JLCPCB-Kicad-Library/JLCPCB.3dshapes/C_0402.step
10-03 11:09:55 com_github_MitjaNemec_Archive3DModels.archive_3d_models 51:Getting 3D models for footprint of: C13
10-03 11:09:55 com_github_MitjaNemec_Archive3DModels.archive_3d_models 63:Trying to copy: ${KICAD8_3RD_PARTY}/3dmodels/com_github_CDFER_JLCPCB-Kicad-Library/JLCPCB.3dshapes/C_1206.step
10-03 11:09:55 com_github_MitjaNemec_Archive3DModels.archive_3d_models 78:Can not find model defined with enviroment variable:
${KICAD8_3RD_PARTY}/3dmodels/com_github_CDFER_JLCPCB-Kicad-Library/JLCPCB.3dshapes/C_1206.step
10-03 11:09:55 com_github_MitjaNemec_Archive3DModels.archive_3d_models 146:Did not copy: ${KICAD8_3RD_PARTY}/3dmodels/com_github_CDFER_JLCPCB-Kicad-Library/JLCPCB.3dshapes/C_1206.step
10-03 11:09:55 com_github_MitjaNemec_Archive3DModels.archive_3d_models 150:Remapping: ${KICAD8_3RD_PARTY}/3dmodels/com_github_CDFER_JLCPCB-Kicad-Library/JLCPCB.3dshapes/C_1206.step
10-03 11:09:55 com_github_MitjaNemec_Archive3DModels.archive_3d_models 51:Getting 3D models for footprint of: R95
10-03 11:09:55 com_github_MitjaNemec_Archive3DModels.archive_3d_models 63:Trying to copy: ${KICAD8_3RD_PARTY}/3dmodels/com_github_CDFER_JLCPCB-Kicad-Library/JLCPCB.3dshapes/R_0402.step
10-03 11:09:55 com_github_MitjaNemec_Archive3DModels.archive_3d_models 78:Can not find model defined with enviroment variable:
${KICAD8_3RD_PARTY}/3dmodels/com_github_CDFER_JLCPCB-Kicad-Library/JLCPCB.3dshapes/R_0402.step
10-03 11:09:55 com_github_MitjaNemec_Archive3DModels.archive_3d_models 146:Did not copy: ${KICAD8_3RD_PARTY}/3dmodels/com_github_CDFER_JLCPCB-Kicad-Library/JLCPCB.3dshapes/R_0402.step
10-03 11:09:55 com_github_MitjaNemec_Archive3DModels.archive_3d_models 150:Remapping: ${KICAD8_3RD_PARTY}/3dmodels/com_github_CDFER_JLCPCB-Kicad-Library/JLCPCB.3dshapes/R_0402.step
10-03 11:09:55 com_github_MitjaNemec_Archive3DModels.archive_3d_models 51:Getting 3D models for footprint of: R208
10-03 11:09:55 com_github_MitjaNemec_Archive3DModels.archive_3d_models 63:Trying to copy: ${KICAD8_3RD_PARTY}/3dmodels/com_github_CDFER_JLCPCB-Kicad-Library/JLCPCB.3dshapes/R_0402.step
10-03 11:09:55 com_github_MitjaNemec_Archive3DModels.archive_3d_models 78:Can not find model defined with enviroment variable:
${KICAD8_3RD_PARTY}/3dmodels/com_github_CDFER_JLCPCB-Kicad-Library/JLCPCB.3dshapes/R_0402.step
10-03 11:09:55 com_github_MitjaNemec_Archive3DModels.archive_3d_models 146:Did not copy: ${KICAD8_3RD_PARTY}/3dmodels/com_github_CDFER_JLCPCB-Kicad-Library/JLCPCB.3dshapes/R_0402.step
10-03 11:09:55 com_github_MitjaNemec_Archive3DModels.archive_3d_models 150:Remapping: ${KICAD8_3RD_PARTY}/3dmodels/com_github_CDFER_JLCPCB-Kicad-Library/JLCPCB.3dshapes/R_0402.step
10-03 11:09:55 com_github_MitjaNemec_Archive3DModels.archive_3d_models 51:Getting 3D models for footprint of: C215
10-03 11:09:55 com_github_MitjaNemec_Archive3DModels.archive_3d_models 63:Trying to copy: ${KICAD8_3RD_PARTY}/3dmodels/com_github_CDFER_JLCPCB-Kicad-Library/JLCPCB.3dshapes/C_0402.step
10-03 11:09:55 com_github_MitjaNemec_Archive3DModels.archive_3d_models 78:Can not find model defined with enviroment variable:
${KICAD8_3RD_PARTY}/3dmodels/com_github_CDFER_JLCPCB-Kicad-Library/JLCPCB.3dshapes/C_0402.step
10-03 11:09:55 com_github_MitjaNemec_Archive3DModels.archive_3d_models 146:Did not copy: ${KICAD8_3RD_PARTY}/3dmodels/com_github_CDFER_JLCPCB-Kicad-Library/JLCPCB.3dshapes/C_0402.step
10-03 11:09:55 com_github_MitjaNemec_Archive3DModels.archive_3d_models 150:Remapping: ${KICAD8_3RD_PARTY}/3dmodels/com_github_CDFER_JLCPCB-Kicad-Library/JLCPCB.3dshapes/C_0402.step
10-03 11:09:55 com_github_MitjaNemec_Archive3DModels.archive_3d_models 51:Getting 3D models for footprint of: C100
10-03 11:09:55 com_github_MitjaNemec_Archive3DModels.archive_3d_models 63:Trying to copy: ${KICAD8_3RD_PARTY}/3dmodels/com_github_CDFER_JLCPCB-Kicad-Library/JLCPCB.3dshapes/C_0402.step
10-03 11:09:55 com_github_MitjaNemec_Archive3DModels.archive_3d_models 78:Can not find model defined with enviroment variable:
${KICAD8_3RD_PARTY}/3dmodels/com_github_CDFER_JLCPCB-Kicad-Library/JLCPCB.3dshapes/C_0402.step
10-03 11:09:55 com_github_MitjaNemec_Archive3DModels.archive_3d_models 146:Did not copy: ${KICAD8_3RD_PARTY}/3dmodels/com_github_CDFER_JLCPCB-Kicad-Library/JLCPCB.3dshapes/C_0402.step
10-03 11:09:55 com_github_MitjaNemec_Archive3DModels.archive_3d_models 150:Remapping: ${KICAD8_3RD_PARTY}/3dmodels/com_github_CDFER_JLCPCB-Kicad-Library/JLCPCB.3dshapes/C_0402.step
10-03 11:09:55 com_github_MitjaNemec_Archive3DModels.archive_3d_models 51:Getting 3D models for footprint of: C40
10-03 11:09:55 com_github_MitjaNemec_Archive3DModels.archive_3d_models 63:Trying to copy: ${KICAD8_3RD_PARTY}/3dmodels/com_github_CDFER_JLCPCB-Kicad-Library/JLCPCB.3dshapes/C_0402.step
10-03 11:09:55 com_github_MitjaNemec_Archive3DModels.archive_3d_models 78:Can not find model defined with enviroment variable:
${KICAD8_3RD_PARTY}/3dmodels/com_github_CDFER_JLCPCB-Kicad-Library/JLCPCB.3dshapes/C_0402.step
10-03 11:09:55 com_github_MitjaNemec_Archive3DModels.archive_3d_models 146:Did not copy: ${KICAD8_3RD_PARTY}/3dmodels/com_github_CDFER_JLCPCB-Kicad-Library/JLCPCB.3dshapes/C_0402.step
10-03 11:09:55 com_github_MitjaNemec_Archive3DModels.archive_3d_models 150:Remapping: ${KICAD8_3RD_PARTY}/3dmodels/com_github_CDFER_JLCPCB-Kicad-Library/JLCPCB.3dshapes/C_0402.step
10-03 11:09:55 com_github_MitjaNemec_Archive3DModels.archive_3d_models 51:Getting 3D models for footprint of: C35
10-03 11:09:55 com_github_MitjaNemec_Archive3DModels.archive_3d_models 63:Trying to copy: ${KICAD8_3RD_PARTY}/3dmodels/com_github_CDFER_JLCPCB-Kicad-Library/JLCPCB.3dshapes/C_0402.step
10-03 11:09:55 com_github_MitjaNemec_Archive3DModels.archive_3d_models 78:Can not find model defined with enviroment variable:
${KICAD8_3RD_PARTY}/3dmodels/com_github_CDFER_JLCPCB-Kicad-Library/JLCPCB.3dshapes/C_0402.step
10-03 11:09:55 com_github_MitjaNemec_Archive3DModels.archive_3d_models 146:Did not copy: ${KICAD8_3RD_PARTY}/3dmodels/com_github_CDFER_JLCPCB-Kicad-Library/JLCPCB.3dshapes/C_0402.step
10-03 11:09:55 com_github_MitjaNemec_Archive3DModels.archive_3d_models 150:Remapping: ${KICAD8_3RD_PARTY}/3dmodels/com_github_CDFER_JLCPCB-Kicad-Library/JLCPCB.3dshapes/C_0402.step
10-03 11:09:55 com_github_MitjaNemec_Archive3DModels.archive_3d_models 51:Getting 3D models for footprint of: C49
10-03 11:09:55 com_github_MitjaNemec_Archive3DModels.archive_3d_models 63:Trying to copy: ${KICAD8_3RD_PARTY}/3dmodels/com_github_CDFER_JLCPCB-Kicad-Library/JLCPCB.3dshapes/C_0402.step
10-03 11:09:55 com_github_MitjaNemec_Archive3DModels.archive_3d_models 78:Can not find model defined with enviroment variable:
${KICAD8_3RD_PARTY}/3dmodels/com_github_CDFER_JLCPCB-Kicad-Library/JLCPCB.3dshapes/C_0402.step
10-03 11:09:55 com_github_MitjaNemec_Archive3DModels.archive_3d_models 146:Did not copy: ${KICAD8_3RD_PARTY}/3dmodels/com_github_CDFER_JLCPCB-Kicad-Library/JLCPCB.3dshapes/C_0402.step
10-03 11:09:55 com_github_MitjaNemec_Archive3DModels.archive_3d_models 150:Remapping: ${KICAD8_3RD_PARTY}/3dmodels/com_github_CDFER_JLCPCB-Kicad-Library/JLCPCB.3dshapes/C_0402.step
10-03 11:09:55 com_github_MitjaNemec_Archive3DModels.archive_3d_models 51:Getting 3D models for footprint of: R94
10-03 11:09:55 com_github_MitjaNemec_Archive3DModels.archive_3d_models 63:Trying to copy: ${KICAD8_3RD_PARTY}/3dmodels/com_github_CDFER_JLCPCB-Kicad-Library/JLCPCB.3dshapes/R_0402.step
10-03 11:09:55 com_github_MitjaNemec_Archive3DModels.archive_3d_models 78:Can not find model defined with enviroment variable:
${KICAD8_3RD_PARTY}/3dmodels/com_github_CDFER_JLCPCB-Kicad-Library/JLCPCB.3dshapes/R_0402.step
10-03 11:09:55 com_github_MitjaNemec_Archive3DModels.archive_3d_models 146:Did not copy: ${KICAD8_3RD_PARTY}/3dmodels/com_github_CDFER_JLCPCB-Kicad-Library/JLCPCB.3dshapes/R_0402.step
10-03 11:09:55 com_github_MitjaNemec_Archive3DModels.archive_3d_models 150:Remapping: ${KICAD8_3RD_PARTY}/3dmodels/com_github_CDFER_JLCPCB-Kicad-Library/JLCPCB.3dshapes/R_0402.step
10-03 11:09:55 com_github_MitjaNemec_Archive3DModels.archive_3d_models 51:Getting 3D models for footprint of: C14
10-03 11:09:55 com_github_MitjaNemec_Archive3DModels.archive_3d_models 63:Trying to copy: ${KICAD8_3RD_PARTY}/3dmodels/com_github_CDFER_JLCPCB-Kicad-Library/JLCPCB.3dshapes/C_0402.step
10-03 11:09:55 com_github_MitjaNemec_Archive3DModels.archive_3d_models 78:Can not find model defined with enviroment variable:
${KICAD8_3RD_PARTY}/3dmodels/com_github_CDFER_JLCPCB-Kicad-Library/JLCPCB.3dshapes/C_0402.step
10-03 11:09:55 com_github_MitjaNemec_Archive3DModels.archive_3d_models 146:Did not copy: ${KICAD8_3RD_PARTY}/3dmodels/com_github_CDFER_JLCPCB-Kicad-Library/JLCPCB.3dshapes/C_0402.step
10-03 11:09:55 com_github_MitjaNemec_Archive3DModels.archive_3d_models 150:Remapping: ${KICAD8_3RD_PARTY}/3dmodels/com_github_CDFER_JLCPCB-Kicad-Library/JLCPCB.3dshapes/C_0402.step
10-03 11:09:55 com_github_MitjaNemec_Archive3DModels.archive_3d_models 51:Getting 3D models for footprint of: C9
10-03 11:09:55 com_github_MitjaNemec_Archive3DModels.archive_3d_models 63:Trying to copy: ${KICAD8_3RD_PARTY}/3dmodels/com_github_CDFER_JLCPCB-Kicad-Library/JLCPCB.3dshapes/C_0402.step
10-03 11:09:55 com_github_MitjaNemec_Archive3DModels.archive_3d_models 78:Can not find model defined with enviroment variable:
${KICAD8_3RD_PARTY}/3dmodels/com_github_CDFER_JLCPCB-Kicad-Library/JLCPCB.3dshapes/C_0402.step
10-03 11:09:55 com_github_MitjaNemec_Archive3DModels.archive_3d_models 146:Did not copy: ${KICAD8_3RD_PARTY}/3dmodels/com_github_CDFER_JLCPCB-Kicad-Library/JLCPCB.3dshapes/C_0402.step
10-03 11:09:55 com_github_MitjaNemec_Archive3DModels.archive_3d_models 150:Remapping: ${KICAD8_3RD_PARTY}/3dmodels/com_github_CDFER_JLCPCB-Kicad-Library/JLCPCB.3dshapes/C_0402.step
10-03 11:09:55 com_github_MitjaNemec_Archive3DModels.archive_3d_models 51:Getting 3D models for footprint of: R226
10-03 11:09:55 com_github_MitjaNemec_Archive3DModels.archive_3d_models 63:Trying to copy: ${KICAD9_3DMODEL_DIR}/Resistor_SMD.3dshapes/R_0402_1005Metric.wrl
10-03 11:09:55 com_github_MitjaNemec_Archive3DModels.archive_3d_models 150:Remapping: ${KICAD9_3DMODEL_DIR}/Resistor_SMD.3dshapes/R_0402_1005Metric.wrl
10-03 11:09:55 com_github_MitjaNemec_Archive3DModels.archive_3d_models 51:Getting 3D models for footprint of: C27
10-03 11:09:55 com_github_MitjaNemec_Archive3DModels.archive_3d_models 63:Trying to copy: ${KICAD9_3DMODEL_DIR}/Capacitor_SMD.3dshapes/C_0603_1608Metric.step
10-03 11:09:55 com_github_MitjaNemec_Archive3DModels.archive_3d_models 150:Remapping: ${KICAD9_3DMODEL_DIR}/Capacitor_SMD.3dshapes/C_0603_1608Metric.step
10-03 11:09:55 com_github_MitjaNemec_Archive3DModels.archive_3d_models 51:Getting 3D models for footprint of: R31
10-03 11:09:55 com_github_MitjaNemec_Archive3DModels.archive_3d_models 63:Trying to copy: ${KICAD8_3RD_PARTY}/3dmodels/com_github_CDFER_JLCPCB-Kicad-Library/JLCPCB.3dshapes/R_0402.step
10-03 11:09:55 com_github_MitjaNemec_Archive3DModels.archive_3d_models 78:Can not find model defined with enviroment variable:
${KICAD8_3RD_PARTY}/3dmodels/com_github_CDFER_JLCPCB-Kicad-Library/JLCPCB.3dshapes/R_0402.step
10-03 11:09:55 com_github_MitjaNemec_Archive3DModels.archive_3d_models 146:Did not copy: ${KICAD8_3RD_PARTY}/3dmodels/com_github_CDFER_JLCPCB-Kicad-Library/JLCPCB.3dshapes/R_0402.step
10-03 11:09:55 com_github_MitjaNemec_Archive3DModels.archive_3d_models 150:Remapping: ${KICAD8_3RD_PARTY}/3dmodels/com_github_CDFER_JLCPCB-Kicad-Library/JLCPCB.3dshapes/R_0402.step
10-03 11:09:55 com_github_MitjaNemec_Archive3DModels.archive_3d_models 51:Getting 3D models for footprint of: C38
10-03 11:09:55 com_github_MitjaNemec_Archive3DModels.archive_3d_models 63:Trying to copy: ${KICAD8_3RD_PARTY}/3dmodels/com_github_CDFER_JLCPCB-Kicad-Library/JLCPCB.3dshapes/C_0402.step
10-03 11:09:55 com_github_MitjaNemec_Archive3DModels.archive_3d_models 78:Can not find model defined with enviroment variable:
${KICAD8_3RD_PARTY}/3dmodels/com_github_CDFER_JLCPCB-Kicad-Library/JLCPCB.3dshapes/C_0402.step
10-03 11:09:55 com_github_MitjaNemec_Archive3DModels.archive_3d_models 146:Did not copy: ${KICAD8_3RD_PARTY}/3dmodels/com_github_CDFER_JLCPCB-Kicad-Library/JLCPCB.3dshapes/C_0402.step
10-03 11:09:55 com_github_MitjaNemec_Archive3DModels.archive_3d_models 150:Remapping: ${KICAD8_3RD_PARTY}/3dmodels/com_github_CDFER_JLCPCB-Kicad-Library/JLCPCB.3dshapes/C_0402.step
10-03 11:09:55 com_github_MitjaNemec_Archive3DModels.archive_3d_models 51:Getting 3D models for footprint of: R26
10-03 11:09:55 com_github_MitjaNemec_Archive3DModels.archive_3d_models 63:Trying to copy: ${KICAD9_3DMODEL_DIR}/Resistor_SMD.3dshapes/R_0603_1608Metric.step
10-03 11:09:55 com_github_MitjaNemec_Archive3DModels.archive_3d_models 150:Remapping: ${KICAD9_3DMODEL_DIR}/Resistor_SMD.3dshapes/R_0603_1608Metric.step
10-03 11:09:55 com_github_MitjaNemec_Archive3DModels.archive_3d_models 51:Getting 3D models for footprint of: J6
10-03 11:09:55 com_github_MitjaNemec_Archive3DModels.archive_3d_models 63:Trying to copy: C:/Users/kovac/Documents/1-Gitar_Pedalok/nrj6hf.stp
10-03 11:09:55 com_github_MitjaNemec_Archive3DModels.archive_3d_models 150:Remapping: C:/Users/kovac/Documents/1-Gitar_Pedalok/nrj6hf.stp
10-03 11:09:55 com_github_MitjaNemec_Archive3DModels.archive_3d_models 51:Getting 3D models for footprint of: C105
10-03 11:09:55 com_github_MitjaNemec_Archive3DModels.archive_3d_models 63:Trying to copy: ${KICAD8_3RD_PARTY}/3dmodels/com_github_CDFER_JLCPCB-Kicad-Library/JLCPCB.3dshapes/C_0402.step
10-03 11:09:55 com_github_MitjaNemec_Archive3DModels.archive_3d_models 78:Can not find model defined with enviroment variable:
${KICAD8_3RD_PARTY}/3dmodels/com_github_CDFER_JLCPCB-Kicad-Library/JLCPCB.3dshapes/C_0402.step
10-03 11:09:55 com_github_MitjaNemec_Archive3DModels.archive_3d_models 146:Did not copy: ${KICAD8_3RD_PARTY}/3dmodels/com_github_CDFER_JLCPCB-Kicad-Library/JLCPCB.3dshapes/C_0402.step
10-03 11:09:55 com_github_MitjaNemec_Archive3DModels.archive_3d_models 150:Remapping: ${KICAD8_3RD_PARTY}/3dmodels/com_github_CDFER_JLCPCB-Kicad-Library/JLCPCB.3dshapes/C_0402.step
10-03 11:09:55 com_github_MitjaNemec_Archive3DModels.archive_3d_models 51:Getting 3D models for footprint of: C15
10-03 11:09:55 com_github_MitjaNemec_Archive3DModels.archive_3d_models 63:Trying to copy: ${KICAD8_3RD_PARTY}/3dmodels/com_github_CDFER_JLCPCB-Kicad-Library/JLCPCB.3dshapes/C_0402.step
10-03 11:09:55 com_github_MitjaNemec_Archive3DModels.archive_3d_models 78:Can not find model defined with enviroment variable:
${KICAD8_3RD_PARTY}/3dmodels/com_github_CDFER_JLCPCB-Kicad-Library/JLCPCB.3dshapes/C_0402.step
10-03 11:09:55 com_github_MitjaNemec_Archive3DModels.archive_3d_models 146:Did not copy: ${KICAD8_3RD_PARTY}/3dmodels/com_github_CDFER_JLCPCB-Kicad-Library/JLCPCB.3dshapes/C_0402.step
10-03 11:09:55 com_github_MitjaNemec_Archive3DModels.archive_3d_models 150:Remapping: ${KICAD8_3RD_PARTY}/3dmodels/com_github_CDFER_JLCPCB-Kicad-Library/JLCPCB.3dshapes/C_0402.step
10-03 11:09:55 com_github_MitjaNemec_Archive3DModels.archive_3d_models 51:Getting 3D models for footprint of: C235
10-03 11:09:55 com_github_MitjaNemec_Archive3DModels.archive_3d_models 63:Trying to copy: ${KICAD9_3DMODEL_DIR}/Capacitor_SMD.3dshapes/C_Elec_6.3x7.7.wrl
10-03 11:09:55 com_github_MitjaNemec_Archive3DModels.archive_3d_models 150:Remapping: ${KICAD9_3DMODEL_DIR}/Capacitor_SMD.3dshapes/C_Elec_6.3x7.7.wrl
10-03 11:09:55 com_github_MitjaNemec_Archive3DModels.archive_3d_models 51:Getting 3D models for footprint of: C33
10-03 11:09:55 com_github_MitjaNemec_Archive3DModels.archive_3d_models 63:Trying to copy: ${KICAD9_3DMODEL_DIR}/Capacitor_SMD.3dshapes/C_0805_2012Metric.step
10-03 11:09:55 com_github_MitjaNemec_Archive3DModels.archive_3d_models 150:Remapping: ${KICAD9_3DMODEL_DIR}/Capacitor_SMD.3dshapes/C_0805_2012Metric.step
10-03 11:09:55 com_github_MitjaNemec_Archive3DModels.archive_3d_models 51:Getting 3D models for footprint of: J5
10-03 11:09:55 com_github_MitjaNemec_Archive3DModels.archive_3d_models 63:Trying to copy: C:/Users/kovac/Documents/1-Gitar_Pedalok/nrj6hf.stp
10-03 11:09:56 com_github_MitjaNemec_Archive3DModels.archive_3d_models 150:Remapping: C:/Users/kovac/Documents/1-Gitar_Pedalok/nrj6hf.stp
10-03 11:09:56 com_github_MitjaNemec_Archive3DModels.archive_3d_models 51:Getting 3D models for footprint of: R213
10-03 11:09:56 com_github_MitjaNemec_Archive3DModels.archive_3d_models 63:Trying to copy: ${KICAD8_3RD_PARTY}/3dmodels/com_github_CDFER_JLCPCB-Kicad-Library/JLCPCB.3dshapes/R_0402.step
10-03 11:09:56 com_github_MitjaNemec_Archive3DModels.archive_3d_models 78:Can not find model defined with enviroment variable:
${KICAD8_3RD_PARTY}/3dmodels/com_github_CDFER_JLCPCB-Kicad-Library/JLCPCB.3dshapes/R_0402.step
10-03 11:09:56 com_github_MitjaNemec_Archive3DModels.archive_3d_models 146:Did not copy: ${KICAD8_3RD_PARTY}/3dmodels/com_github_CDFER_JLCPCB-Kicad-Library/JLCPCB.3dshapes/R_0402.step
10-03 11:09:56 com_github_MitjaNemec_Archive3DModels.archive_3d_models 150:Remapping: ${KICAD8_3RD_PARTY}/3dmodels/com_github_CDFER_JLCPCB-Kicad-Library/JLCPCB.3dshapes/R_0402.step
10-03 11:09:56 com_github_MitjaNemec_Archive3DModels.archive_3d_models 51:Getting 3D models for footprint of: C29
10-03 11:09:56 com_github_MitjaNemec_Archive3DModels.archive_3d_models 63:Trying to copy: ${KICAD9_3DMODEL_DIR}/Capacitor_SMD.3dshapes/C_0603_1608Metric.step
10-03 11:09:56 com_github_MitjaNemec_Archive3DModels.archive_3d_models 150:Remapping: ${KICAD9_3DMODEL_DIR}/Capacitor_SMD.3dshapes/C_0603_1608Metric.step
10-03 11:09:56 com_github_MitjaNemec_Archive3DModels.archive_3d_models 51:Getting 3D models for footprint of: C402
10-03 11:09:56 com_github_MitjaNemec_Archive3DModels.archive_3d_models 63:Trying to copy: ${KICAD8_3RD_PARTY}/3dmodels/com_github_CDFER_JLCPCB-Kicad-Library/JLCPCB.3dshapes/C_0603.step
10-03 11:09:56 com_github_MitjaNemec_Archive3DModels.archive_3d_models 78:Can not find model defined with enviroment variable:
${KICAD8_3RD_PARTY}/3dmodels/com_github_CDFER_JLCPCB-Kicad-Library/JLCPCB.3dshapes/C_0603.step
10-03 11:09:56 com_github_MitjaNemec_Archive3DModels.archive_3d_models 146:Did not copy: ${KICAD8_3RD_PARTY}/3dmodels/com_github_CDFER_JLCPCB-Kicad-Library/JLCPCB.3dshapes/C_0603.step
10-03 11:09:56 com_github_MitjaNemec_Archive3DModels.archive_3d_models 150:Remapping: ${KICAD8_3RD_PARTY}/3dmodels/com_github_CDFER_JLCPCB-Kicad-Library/JLCPCB.3dshapes/C_0603.step
10-03 11:09:56 com_github_MitjaNemec_Archive3DModels.archive_3d_models 51:Getting 3D models for footprint of: C32
10-03 11:09:56 com_github_MitjaNemec_Archive3DModels.archive_3d_models 63:Trying to copy: ${KICAD9_3DMODEL_DIR}/Capacitor_SMD.3dshapes/C_0805_2012Metric.step
10-03 11:09:56 com_github_MitjaNemec_Archive3DModels.archive_3d_models 150:Remapping: ${KICAD9_3DMODEL_DIR}/Capacitor_SMD.3dshapes/C_0805_2012Metric.step
10-03 11:09:56 com_github_MitjaNemec_Archive3DModels.archive_3d_models 51:Getting 3D models for footprint of: C34
10-03 11:09:56 com_github_MitjaNemec_Archive3DModels.archive_3d_models 63:Trying to copy: ${KICAD9_3DMODEL_DIR}/Capacitor_SMD.3dshapes/C_0603_1608Metric.step
10-03 11:09:56 com_github_MitjaNemec_Archive3DModels.archive_3d_models 150:Remapping: ${KICAD9_3DMODEL_DIR}/Capacitor_SMD.3dshapes/C_0603_1608Metric.step
10-03 11:09:56 com_github_MitjaNemec_Archive3DModels.archive_3d_models 51:Getting 3D models for footprint of: C90
10-03 11:09:56 com_github_MitjaNemec_Archive3DModels.archive_3d_models 63:Trying to copy: ${KICAD8_3RD_PARTY}/3dmodels/com_github_CDFER_JLCPCB-Kicad-Library/JLCPCB.3dshapes/C_0402.step
10-03 11:09:56 com_github_MitjaNemec_Archive3DModels.archive_3d_models 78:Can not find model defined with enviroment variable:
${KICAD8_3RD_PARTY}/3dmodels/com_github_CDFER_JLCPCB-Kicad-Library/JLCPCB.3dshapes/C_0402.step
10-03 11:09:56 com_github_MitjaNemec_Archive3DModels.archive_3d_models 146:Did not copy: ${KICAD8_3RD_PARTY}/3dmodels/com_github_CDFER_JLCPCB-Kicad-Library/JLCPCB.3dshapes/C_0402.step
10-03 11:09:56 com_github_MitjaNemec_Archive3DModels.archive_3d_models 150:Remapping: ${KICAD8_3RD_PARTY}/3dmodels/com_github_CDFER_JLCPCB-Kicad-Library/JLCPCB.3dshapes/C_0402.step
10-03 11:09:56 com_github_MitjaNemec_Archive3DModels.archive_3d_models 51:Getting 3D models for footprint of: R37
10-03 11:09:56 com_github_MitjaNemec_Archive3DModels.archive_3d_models 63:Trying to copy: ${KICAD8_3RD_PARTY}/3dmodels/com_github_CDFER_JLCPCB-Kicad-Library/JLCPCB.3dshapes/R_0402.step
10-03 11:09:56 com_github_MitjaNemec_Archive3DModels.archive_3d_models 78:Can not find model defined with enviroment variable:
${KICAD8_3RD_PARTY}/3dmodels/com_github_CDFER_JLCPCB-Kicad-Library/JLCPCB.3dshapes/R_0402.step
10-03 11:09:56 com_github_MitjaNemec_Archive3DModels.archive_3d_models 146:Did not copy: ${KICAD8_3RD_PARTY}/3dmodels/com_github_CDFER_JLCPCB-Kicad-Library/JLCPCB.3dshapes/R_0402.step
10-03 11:09:56 com_github_MitjaNemec_Archive3DModels.archive_3d_models 150:Remapping: ${KICAD8_3RD_PARTY}/3dmodels/com_github_CDFER_JLCPCB-Kicad-Library/JLCPCB.3dshapes/R_0402.step
10-03 11:09:56 com_github_MitjaNemec_Archive3DModels.archive_3d_models 51:Getting 3D models for footprint of: R61
10-03 11:09:56 com_github_MitjaNemec_Archive3DModels.archive_3d_models 63:Trying to copy: ${KICAD9_3DMODEL_DIR}/Resistor_SMD.3dshapes/R_0402_1005Metric.wrl
10-03 11:09:56 com_github_MitjaNemec_Archive3DModels.archive_3d_models 150:Remapping: ${KICAD9_3DMODEL_DIR}/Resistor_SMD.3dshapes/R_0402_1005Metric.wrl
10-03 11:09:56 com_github_MitjaNemec_Archive3DModels.archive_3d_models 51:Getting 3D models for footprint of: R203
10-03 11:09:56 com_github_MitjaNemec_Archive3DModels.archive_3d_models 63:Trying to copy: ${KICAD8_3RD_PARTY}/3dmodels/com_github_CDFER_JLCPCB-Kicad-Library/JLCPCB.3dshapes/R_0402.step
10-03 11:09:56 com_github_MitjaNemec_Archive3DModels.archive_3d_models 78:Can not find model defined with enviroment variable:
${KICAD8_3RD_PARTY}/3dmodels/com_github_CDFER_JLCPCB-Kicad-Library/JLCPCB.3dshapes/R_0402.step
10-03 11:09:56 com_github_MitjaNemec_Archive3DModels.archive_3d_models 146:Did not copy: ${KICAD8_3RD_PARTY}/3dmodels/com_github_CDFER_JLCPCB-Kicad-Library/JLCPCB.3dshapes/R_0402.step
10-03 11:09:56 com_github_MitjaNemec_Archive3DModels.archive_3d_models 150:Remapping: ${KICAD8_3RD_PARTY}/3dmodels/com_github_CDFER_JLCPCB-Kicad-Library/JLCPCB.3dshapes/R_0402.step
10-03 11:09:56 com_github_MitjaNemec_Archive3DModels.archive_3d_models 51:Getting 3D models for footprint of: C203
10-03 11:09:56 com_github_MitjaNemec_Archive3DModels.archive_3d_models 63:Trying to copy: ${KICAD8_3RD_PARTY}/3dmodels/com_github_CDFER_JLCPCB-Kicad-Library/JLCPCB.3dshapes/C_0805.step
10-03 11:09:56 com_github_MitjaNemec_Archive3DModels.archive_3d_models 78:Can not find model defined with enviroment variable:
${KICAD8_3RD_PARTY}/3dmodels/com_github_CDFER_JLCPCB-Kicad-Library/JLCPCB.3dshapes/C_0805.step
10-03 11:09:56 com_github_MitjaNemec_Archive3DModels.archive_3d_models 146:Did not copy: ${KICAD8_3RD_PARTY}/3dmodels/com_github_CDFER_JLCPCB-Kicad-Library/JLCPCB.3dshapes/C_0805.step
10-03 11:09:56 com_github_MitjaNemec_Archive3DModels.archive_3d_models 150:Remapping: ${KICAD8_3RD_PARTY}/3dmodels/com_github_CDFER_JLCPCB-Kicad-Library/JLCPCB.3dshapes/C_0805.step
10-03 11:09:56 com_github_MitjaNemec_Archive3DModels.archive_3d_models 51:Getting 3D models for footprint of: R38
10-03 11:09:56 com_github_MitjaNemec_Archive3DModels.archive_3d_models 63:Trying to copy: ${KICAD8_3RD_PARTY}/3dmodels/com_github_CDFER_JLCPCB-Kicad-Library/JLCPCB.3dshapes/R_0402.step
10-03 11:09:56 com_github_MitjaNemec_Archive3DModels.archive_3d_models 78:Can not find model defined with enviroment variable:
${KICAD8_3RD_PARTY}/3dmodels/com_github_CDFER_JLCPCB-Kicad-Library/JLCPCB.3dshapes/R_0402.step
10-03 11:09:56 com_github_MitjaNemec_Archive3DModels.archive_3d_models 146:Did not copy: ${KICAD8_3RD_PARTY}/3dmodels/com_github_CDFER_JLCPCB-Kicad-Library/JLCPCB.3dshapes/R_0402.step
10-03 11:09:56 com_github_MitjaNemec_Archive3DModels.archive_3d_models 150:Remapping: ${KICAD8_3RD_PARTY}/3dmodels/com_github_CDFER_JLCPCB-Kicad-Library/JLCPCB.3dshapes/R_0402.step
10-03 11:09:56 com_github_MitjaNemec_Archive3DModels.archive_3d_models 51:Getting 3D models for footprint of: C111
10-03 11:09:56 com_github_MitjaNemec_Archive3DModels.archive_3d_models 63:Trying to copy: ${KICAD8_3RD_PARTY}/3dmodels/com_github_CDFER_JLCPCB-Kicad-Library/JLCPCB.3dshapes/C_1206.step
10-03 11:09:56 com_github_MitjaNemec_Archive3DModels.archive_3d_models 78:Can not find model defined with enviroment variable:
${KICAD8_3RD_PARTY}/3dmodels/com_github_CDFER_JLCPCB-Kicad-Library/JLCPCB.3dshapes/C_1206.step
10-03 11:09:56 com_github_MitjaNemec_Archive3DModels.archive_3d_models 146:Did not copy: ${KICAD8_3RD_PARTY}/3dmodels/com_github_CDFER_JLCPCB-Kicad-Library/JLCPCB.3dshapes/C_1206.step
10-03 11:09:56 com_github_MitjaNemec_Archive3DModels.archive_3d_models 150:Remapping: ${KICAD8_3RD_PARTY}/3dmodels/com_github_CDFER_JLCPCB-Kicad-Library/JLCPCB.3dshapes/C_1206.step
10-03 11:09:56 com_github_MitjaNemec_Archive3DModels.archive_3d_models 51:Getting 3D models for footprint of: U201
10-03 11:09:56 com_github_MitjaNemec_Archive3DModels.archive_3d_models 63:Trying to copy: ${KICAD9_3DMODEL_DIR}/Package_SO.3dshapes/VSSOP-8_3x3mm_P0.65mm.wrl
10-03 11:09:56 com_github_MitjaNemec_Archive3DModels.archive_3d_models 150:Remapping: ${KICAD9_3DMODEL_DIR}/Package_SO.3dshapes/VSSOP-8_3x3mm_P0.65mm.wrl
10-03 11:09:56 com_github_MitjaNemec_Archive3DModels.archive_3d_models 51:Getting 3D models for footprint of: C101
10-03 11:09:56 com_github_MitjaNemec_Archive3DModels.archive_3d_models 63:Trying to copy: ${KICAD8_3RD_PARTY}/3dmodels/com_github_CDFER_JLCPCB-Kicad-Library/JLCPCB.3dshapes/C_0402.step
10-03 11:09:56 com_github_MitjaNemec_Archive3DModels.archive_3d_models 78:Can not find model defined with enviroment variable:
${KICAD8_3RD_PARTY}/3dmodels/com_github_CDFER_JLCPCB-Kicad-Library/JLCPCB.3dshapes/C_0402.step
10-03 11:09:56 com_github_MitjaNemec_Archive3DModels.archive_3d_models 146:Did not copy: ${KICAD8_3RD_PARTY}/3dmodels/com_github_CDFER_JLCPCB-Kicad-Library/JLCPCB.3dshapes/C_0402.step
10-03 11:09:56 com_github_MitjaNemec_Archive3DModels.archive_3d_models 150:Remapping: ${KICAD8_3RD_PARTY}/3dmodels/com_github_CDFER_JLCPCB-Kicad-Library/JLCPCB.3dshapes/C_0402.step
10-03 11:09:56 com_github_MitjaNemec_Archive3DModels.archive_3d_models 51:Getting 3D models for footprint of: U6
10-03 11:09:56 com_github_MitjaNemec_Archive3DModels.archive_3d_models 51:Getting 3D models for footprint of: C17
10-03 11:09:56 com_github_MitjaNemec_Archive3DModels.archive_3d_models 63:Trying to copy: ${KICAD8_3RD_PARTY}/3dmodels/com_github_CDFER_JLCPCB-Kicad-Library/JLCPCB.3dshapes/C_0805.step
10-03 11:09:56 com_github_MitjaNemec_Archive3DModels.archive_3d_models 78:Can not find model defined with enviroment variable:
${KICAD8_3RD_PARTY}/3dmodels/com_github_CDFER_JLCPCB-Kicad-Library/JLCPCB.3dshapes/C_0805.step
10-03 11:09:56 com_github_MitjaNemec_Archive3DModels.archive_3d_models 146:Did not copy: ${KICAD8_3RD_PARTY}/3dmodels/com_github_CDFER_JLCPCB-Kicad-Library/JLCPCB.3dshapes/C_0805.step
10-03 11:09:56 com_github_MitjaNemec_Archive3DModels.archive_3d_models 150:Remapping: ${KICAD8_3RD_PARTY}/3dmodels/com_github_CDFER_JLCPCB-Kicad-Library/JLCPCB.3dshapes/C_0805.step
10-03 11:09:56 com_github_MitjaNemec_Archive3DModels.archive_3d_models 51:Getting 3D models for footprint of: C238
10-03 11:09:56 com_github_MitjaNemec_Archive3DModels.archive_3d_models 63:Trying to copy: ${KICAD8_3RD_PARTY}/3dmodels/com_github_CDFER_JLCPCB-Kicad-Library/JLCPCB.3dshapes/C_0805.step
10-03 11:09:56 com_github_MitjaNemec_Archive3DModels.archive_3d_models 78:Can not find model defined with enviroment variable:
${KICAD8_3RD_PARTY}/3dmodels/com_github_CDFER_JLCPCB-Kicad-Library/JLCPCB.3dshapes/C_0805.step
10-03 11:09:56 com_github_MitjaNemec_Archive3DModels.archive_3d_models 146:Did not copy: ${KICAD8_3RD_PARTY}/3dmodels/com_github_CDFER_JLCPCB-Kicad-Library/JLCPCB.3dshapes/C_0805.step
10-03 11:09:56 com_github_MitjaNemec_Archive3DModels.archive_3d_models 150:Remapping: ${KICAD8_3RD_PARTY}/3dmodels/com_github_CDFER_JLCPCB-Kicad-Library/JLCPCB.3dshapes/C_0805.step
10-03 11:09:56 com_github_MitjaNemec_Archive3DModels.archive_3d_models 51:Getting 3D models for footprint of: R84
10-03 11:09:56 com_github_MitjaNemec_Archive3DModels.archive_3d_models 63:Trying to copy: ${KICAD8_3RD_PARTY}/3dmodels/com_github_CDFER_JLCPCB-Kicad-Library/JLCPCB.3dshapes/R_0402.step
10-03 11:09:56 com_github_MitjaNemec_Archive3DModels.archive_3d_models 78:Can not find model defined with enviroment variable:
${KICAD8_3RD_PARTY}/3dmodels/com_github_CDFER_JLCPCB-Kicad-Library/JLCPCB.3dshapes/R_0402.step
10-03 11:09:56 com_github_MitjaNemec_Archive3DModels.archive_3d_models 146:Did not copy: ${KICAD8_3RD_PARTY}/3dmodels/com_github_CDFER_JLCPCB-Kicad-Library/JLCPCB.3dshapes/R_0402.step
10-03 11:09:56 com_github_MitjaNemec_Archive3DModels.archive_3d_models 150:Remapping: ${KICAD8_3RD_PARTY}/3dmodels/com_github_CDFER_JLCPCB-Kicad-Library/JLCPCB.3dshapes/R_0402.step
10-03 11:09:56 com_github_MitjaNemec_Archive3DModels.archive_3d_models 51:Getting 3D models for footprint of: R224
10-03 11:09:56 com_github_MitjaNemec_Archive3DModels.archive_3d_models 63:Trying to copy: ${KICAD8_3RD_PARTY}/3dmodels/com_github_CDFER_JLCPCB-Kicad-Library/JLCPCB.3dshapes/R_0402.step
10-03 11:09:56 com_github_MitjaNemec_Archive3DModels.archive_3d_models 78:Can not find model defined with enviroment variable:
${KICAD8_3RD_PARTY}/3dmodels/com_github_CDFER_JLCPCB-Kicad-Library/JLCPCB.3dshapes/R_0402.step
10-03 11:09:56 com_github_MitjaNemec_Archive3DModels.archive_3d_models 146:Did not copy: ${KICAD8_3RD_PARTY}/3dmodels/com_github_CDFER_JLCPCB-Kicad-Library/JLCPCB.3dshapes/R_0402.step
10-03 11:09:56 com_github_MitjaNemec_Archive3DModels.archive_3d_models 150:Remapping: ${KICAD8_3RD_PARTY}/3dmodels/com_github_CDFER_JLCPCB-Kicad-Library/JLCPCB.3dshapes/R_0402.step
10-03 11:09:56 com_github_MitjaNemec_Archive3DModels.archive_3d_models 51:Getting 3D models for footprint of: C211
10-03 11:09:56 com_github_MitjaNemec_Archive3DModels.archive_3d_models 63:Trying to copy: ${KICAD8_3RD_PARTY}/3dmodels/com_github_CDFER_JLCPCB-Kicad-Library/JLCPCB.3dshapes/C_0402.step
10-03 11:09:56 com_github_MitjaNemec_Archive3DModels.archive_3d_models 78:Can not find model defined with enviroment variable:
${KICAD8_3RD_PARTY}/3dmodels/com_github_CDFER_JLCPCB-Kicad-Library/JLCPCB.3dshapes/C_0402.step
10-03 11:09:56 com_github_MitjaNemec_Archive3DModels.archive_3d_models 146:Did not copy: ${KICAD8_3RD_PARTY}/3dmodels/com_github_CDFER_JLCPCB-Kicad-Library/JLCPCB.3dshapes/C_0402.step
10-03 11:09:56 com_github_MitjaNemec_Archive3DModels.archive_3d_models 150:Remapping: ${KICAD8_3RD_PARTY}/3dmodels/com_github_CDFER_JLCPCB-Kicad-Library/JLCPCB.3dshapes/C_0402.step
10-03 11:09:56 com_github_MitjaNemec_Archive3DModels.archive_3d_models 51:Getting 3D models for footprint of: R19
10-03 11:09:56 com_github_MitjaNemec_Archive3DModels.archive_3d_models 63:Trying to copy: ${KICAD8_3RD_PARTY}/3dmodels/com_github_CDFER_JLCPCB-Kicad-Library/JLCPCB.3dshapes/R_0402.step
10-03 11:09:56 com_github_MitjaNemec_Archive3DModels.archive_3d_models 78:Can not find model defined with enviroment variable:
${KICAD8_3RD_PARTY}/3dmodels/com_github_CDFER_JLCPCB-Kicad-Library/JLCPCB.3dshapes/R_0402.step
10-03 11:09:56 com_github_MitjaNemec_Archive3DModels.archive_3d_models 146:Did not copy: ${KICAD8_3RD_PARTY}/3dmodels/com_github_CDFER_JLCPCB-Kicad-Library/JLCPCB.3dshapes/R_0402.step
10-03 11:09:56 com_github_MitjaNemec_Archive3DModels.archive_3d_models 150:Remapping: ${KICAD8_3RD_PARTY}/3dmodels/com_github_CDFER_JLCPCB-Kicad-Library/JLCPCB.3dshapes/R_0402.step
10-03 11:09:56 com_github_MitjaNemec_Archive3DModels.archive_3d_models 51:Getting 3D models for footprint of: D1
10-03 11:09:56 com_github_MitjaNemec_Archive3DModels.archive_3d_models 63:Trying to copy: ${KICAD8_3RD_PARTY}/3dmodels/com_github_CDFER_JLCPCB-Kicad-Library/JLCPCB.3dshapes/D_SOD-123FL.step
10-03 11:09:56 com_github_MitjaNemec_Archive3DModels.archive_3d_models 78:Can not find model defined with enviroment variable:
${KICAD8_3RD_PARTY}/3dmodels/com_github_CDFER_JLCPCB-Kicad-Library/JLCPCB.3dshapes/D_SOD-123FL.step
10-03 11:09:56 com_github_MitjaNemec_Archive3DModels.archive_3d_models 146:Did not copy: ${KICAD8_3RD_PARTY}/3dmodels/com_github_CDFER_JLCPCB-Kicad-Library/JLCPCB.3dshapes/D_SOD-123FL.step
10-03 11:09:56 com_github_MitjaNemec_Archive3DModels.archive_3d_models 150:Remapping: ${KICAD8_3RD_PARTY}/3dmodels/com_github_CDFER_JLCPCB-Kicad-Library/JLCPCB.3dshapes/D_SOD-123FL.step
10-03 11:09:56 com_github_MitjaNemec_Archive3DModels.archive_3d_models 51:Getting 3D models for footprint of: L4
10-03 11:09:56 com_github_MitjaNemec_Archive3DModels.archive_3d_models 63:Trying to copy: ${KICAD9_3DMODEL_DIR}/Inductor_SMD.3dshapes/L_CommonMode_Wurth_WE-CNSW-1206.step
10-03 11:09:56 com_github_MitjaNemec_Archive3DModels.archive_3d_models 146:Did not copy: ${KICAD9_3DMODEL_DIR}/Inductor_SMD.3dshapes/L_CommonMode_Wurth_WE-CNSW-1206.step
10-03 11:09:56 com_github_MitjaNemec_Archive3DModels.archive_3d_models 150:Remapping: ${KICAD9_3DMODEL_DIR}/Inductor_SMD.3dshapes/L_CommonMode_Wurth_WE-CNSW-1206.step
10-03 11:09:56 com_github_MitjaNemec_Archive3DModels.archive_3d_models 51:Getting 3D models for footprint of: C216
10-03 11:09:56 com_github_MitjaNemec_Archive3DModels.archive_3d_models 63:Trying to copy: ${KICAD8_3RD_PARTY}/3dmodels/com_github_CDFER_JLCPCB-Kicad-Library/JLCPCB.3dshapes/C_0402.step
10-03 11:09:56 com_github_MitjaNemec_Archive3DModels.archive_3d_models 78:Can not find model defined with enviroment variable:
${KICAD8_3RD_PARTY}/3dmodels/com_github_CDFER_JLCPCB-Kicad-Library/JLCPCB.3dshapes/C_0402.step
10-03 11:09:56 com_github_MitjaNemec_Archive3DModels.archive_3d_models 146:Did not copy: ${KICAD8_3RD_PARTY}/3dmodels/com_github_CDFER_JLCPCB-Kicad-Library/JLCPCB.3dshapes/C_0402.step
10-03 11:09:56 com_github_MitjaNemec_Archive3DModels.archive_3d_models 150:Remapping: ${KICAD8_3RD_PARTY}/3dmodels/com_github_CDFER_JLCPCB-Kicad-Library/JLCPCB.3dshapes/C_0402.step
10-03 11:09:56 com_github_MitjaNemec_Archive3DModels.archive_3d_models 51:Getting 3D models for footprint of: C24
10-03 11:09:56 com_github_MitjaNemec_Archive3DModels.archive_3d_models 63:Trying to copy: ${KICAD8_3RD_PARTY}/3dmodels/com_github_CDFER_JLCPCB-Kicad-Library/JLCPCB.3dshapes/C_0402.step
10-03 11:09:56 com_github_MitjaNemec_Archive3DModels.archive_3d_models 78:Can not find model defined with enviroment variable:
${KICAD8_3RD_PARTY}/3dmodels/com_github_CDFER_JLCPCB-Kicad-Library/JLCPCB.3dshapes/C_0402.step
10-03 11:09:56 com_github_MitjaNemec_Archive3DModels.archive_3d_models 146:Did not copy: ${KICAD8_3RD_PARTY}/3dmodels/com_github_CDFER_JLCPCB-Kicad-Library/JLCPCB.3dshapes/C_0402.step
10-03 11:09:56 com_github_MitjaNemec_Archive3DModels.archive_3d_models 150:Remapping: ${KICAD8_3RD_PARTY}/3dmodels/com_github_CDFER_JLCPCB-Kicad-Library/JLCPCB.3dshapes/C_0402.step
10-03 11:09:56 com_github_MitjaNemec_Archive3DModels.archive_3d_models 51:Getting 3D models for footprint of: U8
10-03 11:09:56 com_github_MitjaNemec_Archive3DModels.archive_3d_models 63:Trying to copy: ${KICAD9_3DMODEL_DIR}/Package_TO_SOT_SMD.3dshapes/SOT-23-5.step
10-03 11:09:56 com_github_MitjaNemec_Archive3DModels.archive_3d_models 150:Remapping: ${KICAD9_3DMODEL_DIR}/Package_TO_SOT_SMD.3dshapes/SOT-23-5.step
10-03 11:09:56 com_github_MitjaNemec_Archive3DModels.archive_3d_models 51:Getting 3D models for footprint of: C31
10-03 11:09:56 com_github_MitjaNemec_Archive3DModels.archive_3d_models 63:Trying to copy: ${KICAD9_3DMODEL_DIR}/Capacitor_SMD.3dshapes/C_0603_1608Metric.step
10-03 11:09:56 com_github_MitjaNemec_Archive3DModels.archive_3d_models 150:Remapping: ${KICAD9_3DMODEL_DIR}/Capacitor_SMD.3dshapes/C_0603_1608Metric.step
10-03 11:09:56 com_github_MitjaNemec_Archive3DModels.archive_3d_models 51:Getting 3D models for footprint of: R78
10-03 11:09:56 com_github_MitjaNemec_Archive3DModels.archive_3d_models 63:Trying to copy: ${KICAD8_3RD_PARTY}/3dmodels/com_github_CDFER_JLCPCB-Kicad-Library/JLCPCB.3dshapes/R_0402.step
10-03 11:09:56 com_github_MitjaNemec_Archive3DModels.archive_3d_models 78:Can not find model defined with enviroment variable:
${KICAD8_3RD_PARTY}/3dmodels/com_github_CDFER_JLCPCB-Kicad-Library/JLCPCB.3dshapes/R_0402.step
10-03 11:09:56 com_github_MitjaNemec_Archive3DModels.archive_3d_models 146:Did not copy: ${KICAD8_3RD_PARTY}/3dmodels/com_github_CDFER_JLCPCB-Kicad-Library/JLCPCB.3dshapes/R_0402.step
10-03 11:09:56 com_github_MitjaNemec_Archive3DModels.archive_3d_models 150:Remapping: ${KICAD8_3RD_PARTY}/3dmodels/com_github_CDFER_JLCPCB-Kicad-Library/JLCPCB.3dshapes/R_0402.step
10-03 11:09:56 com_github_MitjaNemec_Archive3DModels.archive_3d_models 51:Getting 3D models for footprint of: R7
10-03 11:09:56 com_github_MitjaNemec_Archive3DModels.archive_3d_models 63:Trying to copy: ${KICAD8_3RD_PARTY}/3dmodels/com_github_CDFER_JLCPCB-Kicad-Library/JLCPCB.3dshapes/R_0402.step
10-03 11:09:56 com_github_MitjaNemec_Archive3DModels.archive_3d_models 78:Can not find model defined with enviroment variable:
${KICAD8_3RD_PARTY}/3dmodels/com_github_CDFER_JLCPCB-Kicad-Library/JLCPCB.3dshapes/R_0402.step
10-03 11:09:56 com_github_MitjaNemec_Archive3DModels.archive_3d_models 146:Did not copy: ${KICAD8_3RD_PARTY}/3dmodels/com_github_CDFER_JLCPCB-Kicad-Library/JLCPCB.3dshapes/R_0402.step
10-03 11:09:56 com_github_MitjaNemec_Archive3DModels.archive_3d_models 150:Remapping: ${KICAD8_3RD_PARTY}/3dmodels/com_github_CDFER_JLCPCB-Kicad-Library/JLCPCB.3dshapes/R_0402.step
10-03 11:09:56 com_github_MitjaNemec_Archive3DModels.archive_3d_models 51:Getting 3D models for footprint of: R30
10-03 11:09:56 com_github_MitjaNemec_Archive3DModels.archive_3d_models 63:Trying to copy: ${KICAD8_3RD_PARTY}/3dmodels/com_github_CDFER_JLCPCB-Kicad-Library/JLCPCB.3dshapes/R_0402.step
10-03 11:09:56 com_github_MitjaNemec_Archive3DModels.archive_3d_models 78:Can not find model defined with enviroment variable:
${KICAD8_3RD_PARTY}/3dmodels/com_github_CDFER_JLCPCB-Kicad-Library/JLCPCB.3dshapes/R_0402.step
10-03 11:09:56 com_github_MitjaNemec_Archive3DModels.archive_3d_models 146:Did not copy: ${KICAD8_3RD_PARTY}/3dmodels/com_github_CDFER_JLCPCB-Kicad-Library/JLCPCB.3dshapes/R_0402.step
10-03 11:09:56 com_github_MitjaNemec_Archive3DModels.archive_3d_models 150:Remapping: ${KICAD8_3RD_PARTY}/3dmodels/com_github_CDFER_JLCPCB-Kicad-Library/JLCPCB.3dshapes/R_0402.step
10-03 11:09:56 com_github_MitjaNemec_Archive3DModels.archive_3d_models 51:Getting 3D models for footprint of: D5
10-03 11:09:56 com_github_MitjaNemec_Archive3DModels.archive_3d_models 63:Trying to copy: ${KICAD9_3DMODEL_DIR}/Diode_SMD.3dshapes/D_SOD-123.step
10-03 11:09:56 com_github_MitjaNemec_Archive3DModels.archive_3d_models 150:Remapping: ${KICAD9_3DMODEL_DIR}/Diode_SMD.3dshapes/D_SOD-123.step
10-03 11:09:56 com_github_MitjaNemec_Archive3DModels.archive_3d_models 51:Getting 3D models for footprint of: Q2
10-03 11:09:56 com_github_MitjaNemec_Archive3DModels.archive_3d_models 63:Trying to copy: ${KICAD9_3DMODEL_DIR}/Package_TO_SOT_SMD.3dshapes/SOT-23.step
10-03 11:09:56 com_github_MitjaNemec_Archive3DModels.archive_3d_models 150:Remapping: ${KICAD9_3DMODEL_DIR}/Package_TO_SOT_SMD.3dshapes/SOT-23.step
10-03 11:09:56 com_github_MitjaNemec_Archive3DModels.archive_3d_models 51:Getting 3D models for footprint of: C19
10-03 11:09:56 com_github_MitjaNemec_Archive3DModels.archive_3d_models 63:Trying to copy: ${KICAD8_3RD_PARTY}/3dmodels/com_github_CDFER_JLCPCB-Kicad-Library/JLCPCB.3dshapes/C_0402.step
10-03 11:09:56 com_github_MitjaNemec_Archive3DModels.archive_3d_models 78:Can not find model defined with enviroment variable:
${KICAD8_3RD_PARTY}/3dmodels/com_github_CDFER_JLCPCB-Kicad-Library/JLCPCB.3dshapes/C_0402.step
10-03 11:09:56 com_github_MitjaNemec_Archive3DModels.archive_3d_models 146:Did not copy: ${KICAD8_3RD_PARTY}/3dmodels/com_github_CDFER_JLCPCB-Kicad-Library/JLCPCB.3dshapes/C_0402.step
10-03 11:09:56 com_github_MitjaNemec_Archive3DModels.archive_3d_models 150:Remapping: ${KICAD8_3RD_PARTY}/3dmodels/com_github_CDFER_JLCPCB-Kicad-Library/JLCPCB.3dshapes/C_0402.step
10-03 11:09:56 com_github_MitjaNemec_Archive3DModels.archive_3d_models 51:Getting 3D models for footprint of: R8
10-03 11:09:56 com_github_MitjaNemec_Archive3DModels.archive_3d_models 63:Trying to copy: ${KICAD8_3RD_PARTY}/3dmodels/com_github_CDFER_JLCPCB-Kicad-Library/JLCPCB.3dshapes/R_0402.step
10-03 11:09:56 com_github_MitjaNemec_Archive3DModels.archive_3d_models 78:Can not find model defined with enviroment variable:
${KICAD8_3RD_PARTY}/3dmodels/com_github_CDFER_JLCPCB-Kicad-Library/JLCPCB.3dshapes/R_0402.step
10-03 11:09:56 com_github_MitjaNemec_Archive3DModels.archive_3d_models 146:Did not copy: ${KICAD8_3RD_PARTY}/3dmodels/com_github_CDFER_JLCPCB-Kicad-Library/JLCPCB.3dshapes/R_0402.step
10-03 11:09:56 com_github_MitjaNemec_Archive3DModels.archive_3d_models 150:Remapping: ${KICAD8_3RD_PARTY}/3dmodels/com_github_CDFER_JLCPCB-Kicad-Library/JLCPCB.3dshapes/R_0402.step
10-03 11:09:56 com_github_MitjaNemec_Archive3DModels.archive_3d_models 51:Getting 3D models for footprint of: C25
10-03 11:09:56 com_github_MitjaNemec_Archive3DModels.archive_3d_models 63:Trying to copy: ${KICAD9_3DMODEL_DIR}/Capacitor_SMD.3dshapes/C_1206_3216Metric.step
10-03 11:09:56 com_github_MitjaNemec_Archive3DModels.archive_3d_models 150:Remapping: ${KICAD9_3DMODEL_DIR}/Capacitor_SMD.3dshapes/C_1206_3216Metric.step
10-03 11:09:56 com_github_MitjaNemec_Archive3DModels.archive_3d_models 51:Getting 3D models for footprint of: U2
10-03 11:09:56 com_github_MitjaNemec_Archive3DModels.archive_3d_models 63:Trying to copy: ${KICAD9_3DMODEL_DIR}/Package_SO.3dshapes/SOIC-8_5.3x5.3mm_P1.27mm.step
10-03 11:09:56 com_github_MitjaNemec_Archive3DModels.archive_3d_models 150:Remapping: ${KICAD9_3DMODEL_DIR}/Package_SO.3dshapes/SOIC-8_5.3x5.3mm_P1.27mm.step
10-03 11:09:56 com_github_MitjaNemec_Archive3DModels.archive_3d_models 51:Getting 3D models for footprint of: R3
10-03 11:09:56 com_github_MitjaNemec_Archive3DModels.archive_3d_models 63:Trying to copy: ${KICAD8_3RD_PARTY}/3dmodels/com_github_CDFER_JLCPCB-Kicad-Library/JLCPCB.3dshapes/R_0402.step
10-03 11:09:56 com_github_MitjaNemec_Archive3DModels.archive_3d_models 78:Can not find model defined with enviroment variable:
${KICAD8_3RD_PARTY}/3dmodels/com_github_CDFER_JLCPCB-Kicad-Library/JLCPCB.3dshapes/R_0402.step
10-03 11:09:56 com_github_MitjaNemec_Archive3DModels.archive_3d_models 146:Did not copy: ${KICAD8_3RD_PARTY}/3dmodels/com_github_CDFER_JLCPCB-Kicad-Library/JLCPCB.3dshapes/R_0402.step
10-03 11:09:56 com_github_MitjaNemec_Archive3DModels.archive_3d_models 150:Remapping: ${KICAD8_3RD_PARTY}/3dmodels/com_github_CDFER_JLCPCB-Kicad-Library/JLCPCB.3dshapes/R_0402.step
10-03 11:09:56 com_github_MitjaNemec_Archive3DModels.archive_3d_models 51:Getting 3D models for footprint of: C212
10-03 11:09:56 com_github_MitjaNemec_Archive3DModels.archive_3d_models 63:Trying to copy: ${KICAD8_3RD_PARTY}/3dmodels/com_github_CDFER_JLCPCB-Kicad-Library/JLCPCB.3dshapes/C_0402.step
10-03 11:09:56 com_github_MitjaNemec_Archive3DModels.archive_3d_models 78:Can not find model defined with enviroment variable:
${KICAD8_3RD_PARTY}/3dmodels/com_github_CDFER_JLCPCB-Kicad-Library/JLCPCB.3dshapes/C_0402.step
10-03 11:09:56 com_github_MitjaNemec_Archive3DModels.archive_3d_models 146:Did not copy: ${KICAD8_3RD_PARTY}/3dmodels/com_github_CDFER_JLCPCB-Kicad-Library/JLCPCB.3dshapes/C_0402.step
10-03 11:09:56 com_github_MitjaNemec_Archive3DModels.archive_3d_models 150:Remapping: ${KICAD8_3RD_PARTY}/3dmodels/com_github_CDFER_JLCPCB-Kicad-Library/JLCPCB.3dshapes/C_0402.step
10-03 11:09:56 com_github_MitjaNemec_Archive3DModels.archive_3d_models 51:Getting 3D models for footprint of: R204
10-03 11:09:56 com_github_MitjaNemec_Archive3DModels.archive_3d_models 63:Trying to copy: ${KICAD8_3RD_PARTY}/3dmodels/com_github_CDFER_JLCPCB-Kicad-Library/JLCPCB.3dshapes/R_0402.step
10-03 11:09:56 com_github_MitjaNemec_Archive3DModels.archive_3d_models 78:Can not find model defined with enviroment variable:
${KICAD8_3RD_PARTY}/3dmodels/com_github_CDFER_JLCPCB-Kicad-Library/JLCPCB.3dshapes/R_0402.step
10-03 11:09:56 com_github_MitjaNemec_Archive3DModels.archive_3d_models 146:Did not copy: ${KICAD8_3RD_PARTY}/3dmodels/com_github_CDFER_JLCPCB-Kicad-Library/JLCPCB.3dshapes/R_0402.step
10-03 11:09:56 com_github_MitjaNemec_Archive3DModels.archive_3d_models 150:Remapping: ${KICAD8_3RD_PARTY}/3dmodels/com_github_CDFER_JLCPCB-Kicad-Library/JLCPCB.3dshapes/R_0402.step
10-03 11:09:56 com_github_MitjaNemec_Archive3DModels.archive_3d_models 51:Getting 3D models for footprint of: C157
10-03 11:09:56 com_github_MitjaNemec_Archive3DModels.archive_3d_models 63:Trying to copy: ${KICAD8_3RD_PARTY}/3dmodels/com_github_CDFER_JLCPCB-Kicad-Library/JLCPCB.3dshapes/C_1206.step
10-03 11:09:56 com_github_MitjaNemec_Archive3DModels.archive_3d_models 78:Can not find model defined with enviroment variable:
${KICAD8_3RD_PARTY}/3dmodels/com_github_CDFER_JLCPCB-Kicad-Library/JLCPCB.3dshapes/C_1206.step
10-03 11:09:56 com_github_MitjaNemec_Archive3DModels.archive_3d_models 146:Did not copy: ${KICAD8_3RD_PARTY}/3dmodels/com_github_CDFER_JLCPCB-Kicad-Library/JLCPCB.3dshapes/C_1206.step
10-03 11:09:56 com_github_MitjaNemec_Archive3DModels.archive_3d_models 150:Remapping: ${KICAD8_3RD_PARTY}/3dmodels/com_github_CDFER_JLCPCB-Kicad-Library/JLCPCB.3dshapes/C_1206.step
10-03 11:09:56 com_github_MitjaNemec_Archive3DModels.archive_3d_models 51:Getting 3D models for footprint of: C5
10-03 11:09:56 com_github_MitjaNemec_Archive3DModels.archive_3d_models 63:Trying to copy: ${KICAD8_3RD_PARTY}/3dmodels/com_github_CDFER_JLCPCB-Kicad-Library/JLCPCB.3dshapes/C_0402.step
10-03 11:09:56 com_github_MitjaNemec_Archive3DModels.archive_3d_models 78:Can not find model defined with enviroment variable:
${KICAD8_3RD_PARTY}/3dmodels/com_github_CDFER_JLCPCB-Kicad-Library/JLCPCB.3dshapes/C_0402.step
10-03 11:09:56 com_github_MitjaNemec_Archive3DModels.archive_3d_models 146:Did not copy: ${KICAD8_3RD_PARTY}/3dmodels/com_github_CDFER_JLCPCB-Kicad-Library/JLCPCB.3dshapes/C_0402.step
10-03 11:09:56 com_github_MitjaNemec_Archive3DModels.archive_3d_models 150:Remapping: ${KICAD8_3RD_PARTY}/3dmodels/com_github_CDFER_JLCPCB-Kicad-Library/JLCPCB.3dshapes/C_0402.step
10-03 11:09:56 com_github_MitjaNemec_Archive3DModels.archive_3d_models 51:Getting 3D models for footprint of: C4
10-03 11:09:56 com_github_MitjaNemec_Archive3DModels.archive_3d_models 63:Trying to copy: ${KICAD8_3RD_PARTY}/3dmodels/com_github_CDFER_JLCPCB-Kicad-Library/JLCPCB.3dshapes/C_0402.step
10-03 11:09:56 com_github_MitjaNemec_Archive3DModels.archive_3d_models 78:Can not find model defined with enviroment variable:
${KICAD8_3RD_PARTY}/3dmodels/com_github_CDFER_JLCPCB-Kicad-Library/JLCPCB.3dshapes/C_0402.step
10-03 11:09:56 com_github_MitjaNemec_Archive3DModels.archive_3d_models 146:Did not copy: ${KICAD8_3RD_PARTY}/3dmodels/com_github_CDFER_JLCPCB-Kicad-Library/JLCPCB.3dshapes/C_0402.step
10-03 11:09:56 com_github_MitjaNemec_Archive3DModels.archive_3d_models 150:Remapping: ${KICAD8_3RD_PARTY}/3dmodels/com_github_CDFER_JLCPCB-Kicad-Library/JLCPCB.3dshapes/C_0402.step
10-03 11:09:56 com_github_MitjaNemec_Archive3DModels.archive_3d_models 51:Getting 3D models for footprint of: R18
10-03 11:09:56 com_github_MitjaNemec_Archive3DModels.archive_3d_models 63:Trying to copy: ${KICAD8_3RD_PARTY}/3dmodels/com_github_CDFER_JLCPCB-Kicad-Library/JLCPCB.3dshapes/R_0402.step
10-03 11:09:56 com_github_MitjaNemec_Archive3DModels.archive_3d_models 78:Can not find model defined with enviroment variable:
${KICAD8_3RD_PARTY}/3dmodels/com_github_CDFER_JLCPCB-Kicad-Library/JLCPCB.3dshapes/R_0402.step
10-03 11:09:56 com_github_MitjaNemec_Archive3DModels.archive_3d_models 146:Did not copy: ${KICAD8_3RD_PARTY}/3dmodels/com_github_CDFER_JLCPCB-Kicad-Library/JLCPCB.3dshapes/R_0402.step
10-03 11:09:56 com_github_MitjaNemec_Archive3DModels.archive_3d_models 150:Remapping: ${KICAD8_3RD_PARTY}/3dmodels/com_github_CDFER_JLCPCB-Kicad-Library/JLCPCB.3dshapes/R_0402.step
10-03 11:09:56 com_github_MitjaNemec_Archive3DModels.archive_3d_models 51:Getting 3D models for footprint of: U14
10-03 11:09:56 com_github_MitjaNemec_Archive3DModels.archive_3d_models 63:Trying to copy: ${KICAD9_3DMODEL_DIR}/Package_SO.3dshapes/SOIC-8_3.9x4.9mm_P1.27mm.step
10-03 11:09:56 com_github_MitjaNemec_Archive3DModels.archive_3d_models 150:Remapping: ${KICAD9_3DMODEL_DIR}/Package_SO.3dshapes/SOIC-8_3.9x4.9mm_P1.27mm.step
10-03 11:09:56 com_github_MitjaNemec_Archive3DModels.archive_3d_models 51:Getting 3D models for footprint of: C39
10-03 11:09:56 com_github_MitjaNemec_Archive3DModels.archive_3d_models 63:Trying to copy: ${KICAD8_3RD_PARTY}/3dmodels/com_github_CDFER_JLCPCB-Kicad-Library/JLCPCB.3dshapes/C_0402.step
10-03 11:09:56 com_github_MitjaNemec_Archive3DModels.archive_3d_models 78:Can not find model defined with enviroment variable:
${KICAD8_3RD_PARTY}/3dmodels/com_github_CDFER_JLCPCB-Kicad-Library/JLCPCB.3dshapes/C_0402.step
10-03 11:09:56 com_github_MitjaNemec_Archive3DModels.archive_3d_models 146:Did not copy: ${KICAD8_3RD_PARTY}/3dmodels/com_github_CDFER_JLCPCB-Kicad-Library/JLCPCB.3dshapes/C_0402.step
10-03 11:09:56 com_github_MitjaNemec_Archive3DModels.archive_3d_models 150:Remapping: ${KICAD8_3RD_PARTY}/3dmodels/com_github_CDFER_JLCPCB-Kicad-Library/JLCPCB.3dshapes/C_0402.step
10-03 11:09:56 com_github_MitjaNemec_Archive3DModels.archive_3d_models 51:Getting 3D models for footprint of: R1
10-03 11:09:56 com_github_MitjaNemec_Archive3DModels.archive_3d_models 63:Trying to copy: ${KICAD8_3RD_PARTY}/3dmodels/com_github_CDFER_JLCPCB-Kicad-Library/JLCPCB.3dshapes/R_0402.step
10-03 11:09:56 com_github_MitjaNemec_Archive3DModels.archive_3d_models 78:Can not find model defined with enviroment variable:
${KICAD8_3RD_PARTY}/3dmodels/com_github_CDFER_JLCPCB-Kicad-Library/JLCPCB.3dshapes/R_0402.step
10-03 11:09:56 com_github_MitjaNemec_Archive3DModels.archive_3d_models 146:Did not copy: ${KICAD8_3RD_PARTY}/3dmodels/com_github_CDFER_JLCPCB-Kicad-Library/JLCPCB.3dshapes/R_0402.step
10-03 11:09:56 com_github_MitjaNemec_Archive3DModels.archive_3d_models 150:Remapping: ${KICAD8_3RD_PARTY}/3dmodels/com_github_CDFER_JLCPCB-Kicad-Library/JLCPCB.3dshapes/R_0402.step
10-03 11:09:56 com_github_MitjaNemec_Archive3DModels.archive_3d_models 51:Getting 3D models for footprint of: R21
10-03 11:09:56 com_github_MitjaNemec_Archive3DModels.archive_3d_models 63:Trying to copy: ${KICAD8_3RD_PARTY}/3dmodels/com_github_CDFER_JLCPCB-Kicad-Library/JLCPCB.3dshapes/R_0402.step
10-03 11:09:56 com_github_MitjaNemec_Archive3DModels.archive_3d_models 78:Can not find model defined with enviroment variable:
${KICAD8_3RD_PARTY}/3dmodels/com_github_CDFER_JLCPCB-Kicad-Library/JLCPCB.3dshapes/R_0402.step
10-03 11:09:56 com_github_MitjaNemec_Archive3DModels.archive_3d_models 146:Did not copy: ${KICAD8_3RD_PARTY}/3dmodels/com_github_CDFER_JLCPCB-Kicad-Library/JLCPCB.3dshapes/R_0402.step
10-03 11:09:56 com_github_MitjaNemec_Archive3DModels.archive_3d_models 150:Remapping: ${KICAD8_3RD_PARTY}/3dmodels/com_github_CDFER_JLCPCB-Kicad-Library/JLCPCB.3dshapes/R_0402.step
10-03 11:09:56 com_github_MitjaNemec_Archive3DModels.archive_3d_models 51:Getting 3D models for footprint of: C91
10-03 11:09:56 com_github_MitjaNemec_Archive3DModels.archive_3d_models 63:Trying to copy: ${KICAD8_3RD_PARTY}/3dmodels/com_github_CDFER_JLCPCB-Kicad-Library/JLCPCB.3dshapes/C_0402.step
10-03 11:09:56 com_github_MitjaNemec_Archive3DModels.archive_3d_models 78:Can not find model defined with enviroment variable:
${KICAD8_3RD_PARTY}/3dmodels/com_github_CDFER_JLCPCB-Kicad-Library/JLCPCB.3dshapes/C_0402.step
10-03 11:09:56 com_github_MitjaNemec_Archive3DModels.archive_3d_models 146:Did not copy: ${KICAD8_3RD_PARTY}/3dmodels/com_github_CDFER_JLCPCB-Kicad-Library/JLCPCB.3dshapes/C_0402.step
10-03 11:09:56 com_github_MitjaNemec_Archive3DModels.archive_3d_models 150:Remapping: ${KICAD8_3RD_PARTY}/3dmodels/com_github_CDFER_JLCPCB-Kicad-Library/JLCPCB.3dshapes/C_0402.step
10-03 11:09:56 com_github_MitjaNemec_Archive3DModels.archive_3d_models 51:Getting 3D models for footprint of: R220
10-03 11:09:56 com_github_MitjaNemec_Archive3DModels.archive_3d_models 63:Trying to copy: ${KICAD8_3RD_PARTY}/3dmodels/com_github_CDFER_JLCPCB-Kicad-Library/JLCPCB.3dshapes/R_0402.step
10-03 11:09:56 com_github_MitjaNemec_Archive3DModels.archive_3d_models 78:Can not find model defined with enviroment variable:
${KICAD8_3RD_PARTY}/3dmodels/com_github_CDFER_JLCPCB-Kicad-Library/JLCPCB.3dshapes/R_0402.step
10-03 11:09:56 com_github_MitjaNemec_Archive3DModels.archive_3d_models 146:Did not copy: ${KICAD8_3RD_PARTY}/3dmodels/com_github_CDFER_JLCPCB-Kicad-Library/JLCPCB.3dshapes/R_0402.step
10-03 11:09:56 com_github_MitjaNemec_Archive3DModels.archive_3d_models 150:Remapping: ${KICAD8_3RD_PARTY}/3dmodels/com_github_CDFER_JLCPCB-Kicad-Library/JLCPCB.3dshapes/R_0402.step
10-03 11:09:56 com_github_MitjaNemec_Archive3DModels.archive_3d_models 51:Getting 3D models for footprint of: C62
10-03 11:09:56 com_github_MitjaNemec_Archive3DModels.archive_3d_models 63:Trying to copy: ${KICAD8_3RD_PARTY}/3dmodels/com_github_CDFER_JLCPCB-Kicad-Library/JLCPCB.3dshapes/C_0402.step
10-03 11:09:56 com_github_MitjaNemec_Archive3DModels.archive_3d_models 78:Can not find model defined with enviroment variable:
${KICAD8_3RD_PARTY}/3dmodels/com_github_CDFER_JLCPCB-Kicad-Library/JLCPCB.3dshapes/C_0402.step
10-03 11:09:56 com_github_MitjaNemec_Archive3DModels.archive_3d_models 146:Did not copy: ${KICAD8_3RD_PARTY}/3dmodels/com_github_CDFER_JLCPCB-Kicad-Library/JLCPCB.3dshapes/C_0402.step
10-03 11:09:56 com_github_MitjaNemec_Archive3DModels.archive_3d_models 150:Remapping: ${KICAD8_3RD_PARTY}/3dmodels/com_github_CDFER_JLCPCB-Kicad-Library/JLCPCB.3dshapes/C_0402.step
10-03 11:09:56 com_github_MitjaNemec_Archive3DModels.archive_3d_models 51:Getting 3D models for footprint of: C67
10-03 11:09:56 com_github_MitjaNemec_Archive3DModels.archive_3d_models 63:Trying to copy: ${KICAD8_3RD_PARTY}/3dmodels/com_github_CDFER_JLCPCB-Kicad-Library/JLCPCB.3dshapes/C_0402.step
10-03 11:09:56 com_github_MitjaNemec_Archive3DModels.archive_3d_models 78:Can not find model defined with enviroment variable:
${KICAD8_3RD_PARTY}/3dmodels/com_github_CDFER_JLCPCB-Kicad-Library/JLCPCB.3dshapes/C_0402.step
10-03 11:09:56 com_github_MitjaNemec_Archive3DModels.archive_3d_models 146:Did not copy: ${KICAD8_3RD_PARTY}/3dmodels/com_github_CDFER_JLCPCB-Kicad-Library/JLCPCB.3dshapes/C_0402.step
10-03 11:09:56 com_github_MitjaNemec_Archive3DModels.archive_3d_models 150:Remapping: ${KICAD8_3RD_PARTY}/3dmodels/com_github_CDFER_JLCPCB-Kicad-Library/JLCPCB.3dshapes/C_0402.step
10-03 11:09:56 com_github_MitjaNemec_Archive3DModels.archive_3d_models 51:Getting 3D models for footprint of: C22
10-03 11:09:56 com_github_MitjaNemec_Archive3DModels.archive_3d_models 63:Trying to copy: ${KICAD8_3RD_PARTY}/3dmodels/com_github_CDFER_JLCPCB-Kicad-Library/JLCPCB.3dshapes/C_0402.step
10-03 11:09:56 com_github_MitjaNemec_Archive3DModels.archive_3d_models 78:Can not find model defined with enviroment variable:
${KICAD8_3RD_PARTY}/3dmodels/com_github_CDFER_JLCPCB-Kicad-Library/JLCPCB.3dshapes/C_0402.step
10-03 11:09:56 com_github_MitjaNemec_Archive3DModels.archive_3d_models 146:Did not copy: ${KICAD8_3RD_PARTY}/3dmodels/com_github_CDFER_JLCPCB-Kicad-Library/JLCPCB.3dshapes/C_0402.step
10-03 11:09:56 com_github_MitjaNemec_Archive3DModels.archive_3d_models 150:Remapping: ${KICAD8_3RD_PARTY}/3dmodels/com_github_CDFER_JLCPCB-Kicad-Library/JLCPCB.3dshapes/C_0402.step
10-03 11:09:56 com_github_MitjaNemec_Archive3DModels.archive_3d_models 51:Getting 3D models for footprint of: R215
10-03 11:09:56 com_github_MitjaNemec_Archive3DModels.archive_3d_models 63:Trying to copy: ${KICAD8_3RD_PARTY}/3dmodels/com_github_CDFER_JLCPCB-Kicad-Library/JLCPCB.3dshapes/R_0402.step
10-03 11:09:56 com_github_MitjaNemec_Archive3DModels.archive_3d_models 78:Can not find model defined with enviroment variable:
${KICAD8_3RD_PARTY}/3dmodels/com_github_CDFER_JLCPCB-Kicad-Library/JLCPCB.3dshapes/R_0402.step
10-03 11:09:56 com_github_MitjaNemec_Archive3DModels.archive_3d_models 146:Did not copy: ${KICAD8_3RD_PARTY}/3dmodels/com_github_CDFER_JLCPCB-Kicad-Library/JLCPCB.3dshapes/R_0402.step
10-03 11:09:56 com_github_MitjaNemec_Archive3DModels.archive_3d_models 150:Remapping: ${KICAD8_3RD_PARTY}/3dmodels/com_github_CDFER_JLCPCB-Kicad-Library/JLCPCB.3dshapes/R_0402.step
10-03 11:09:56 com_github_MitjaNemec_Archive3DModels.archive_3d_models 51:Getting 3D models for footprint of: C229
10-03 11:09:56 com_github_MitjaNemec_Archive3DModels.archive_3d_models 63:Trying to copy: ${KICAD8_3RD_PARTY}/3dmodels/com_github_CDFER_JLCPCB-Kicad-Library/JLCPCB.3dshapes/C_0402.step
10-03 11:09:56 com_github_MitjaNemec_Archive3DModels.archive_3d_models 78:Can not find model defined with enviroment variable:
${KICAD8_3RD_PARTY}/3dmodels/com_github_CDFER_JLCPCB-Kicad-Library/JLCPCB.3dshapes/C_0402.step
10-03 11:09:56 com_github_MitjaNemec_Archive3DModels.archive_3d_models 146:Did not copy: ${KICAD8_3RD_PARTY}/3dmodels/com_github_CDFER_JLCPCB-Kicad-Library/JLCPCB.3dshapes/C_0402.step
10-03 11:09:56 com_github_MitjaNemec_Archive3DModels.archive_3d_models 150:Remapping: ${KICAD8_3RD_PARTY}/3dmodels/com_github_CDFER_JLCPCB-Kicad-Library/JLCPCB.3dshapes/C_0402.step
10-03 11:09:56 com_github_MitjaNemec_Archive3DModels.archive_3d_models 51:Getting 3D models for footprint of: R60
10-03 11:09:56 com_github_MitjaNemec_Archive3DModels.archive_3d_models 63:Trying to copy: ${KICAD8_3RD_PARTY}/3dmodels/com_github_CDFER_JLCPCB-Kicad-Library/JLCPCB.3dshapes/R_0402.step
10-03 11:09:56 com_github_MitjaNemec_Archive3DModels.archive_3d_models 78:Can not find model defined with enviroment variable:
${KICAD8_3RD_PARTY}/3dmodels/com_github_CDFER_JLCPCB-Kicad-Library/JLCPCB.3dshapes/R_0402.step
10-03 11:09:56 com_github_MitjaNemec_Archive3DModels.archive_3d_models 146:Did not copy: ${KICAD8_3RD_PARTY}/3dmodels/com_github_CDFER_JLCPCB-Kicad-Library/JLCPCB.3dshapes/R_0402.step
10-03 11:09:56 com_github_MitjaNemec_Archive3DModels.archive_3d_models 150:Remapping: ${KICAD8_3RD_PARTY}/3dmodels/com_github_CDFER_JLCPCB-Kicad-Library/JLCPCB.3dshapes/R_0402.step
10-03 11:09:56 com_github_MitjaNemec_Archive3DModels.archive_3d_models 51:Getting 3D models for footprint of: R29
10-03 11:09:56 com_github_MitjaNemec_Archive3DModels.archive_3d_models 63:Trying to copy: ${KICAD9_3DMODEL_DIR}/Resistor_SMD.3dshapes/R_0603_1608Metric.step
10-03 11:09:56 com_github_MitjaNemec_Archive3DModels.archive_3d_models 150:Remapping: ${KICAD9_3DMODEL_DIR}/Resistor_SMD.3dshapes/R_0603_1608Metric.step
10-03 11:09:56 com_github_MitjaNemec_Archive3DModels.archive_3d_models 51:Getting 3D models for footprint of: U204
10-03 11:09:56 com_github_MitjaNemec_Archive3DModels.archive_3d_models 63:Trying to copy: ${KICAD9_3DMODEL_DIR}/Package_SO.3dshapes/VSSOP-8_3x3mm_P0.65mm.wrl
10-03 11:09:56 com_github_MitjaNemec_Archive3DModels.archive_3d_models 150:Remapping: ${KICAD9_3DMODEL_DIR}/Package_SO.3dshapes/VSSOP-8_3x3mm_P0.65mm.wrl
10-03 11:09:56 com_github_MitjaNemec_Archive3DModels.archive_3d_models 51:Getting 3D models for footprint of: R25
10-03 11:09:56 com_github_MitjaNemec_Archive3DModels.archive_3d_models 63:Trying to copy: ${KICAD9_3DMODEL_DIR}/Resistor_SMD.3dshapes/R_0603_1608Metric.step
10-03 11:09:56 com_github_MitjaNemec_Archive3DModels.archive_3d_models 150:Remapping: ${KICAD9_3DMODEL_DIR}/Resistor_SMD.3dshapes/R_0603_1608Metric.step
10-03 11:09:56 com_github_MitjaNemec_Archive3DModels.archive_3d_models 51:Getting 3D models for footprint of: C23
10-03 11:09:56 com_github_MitjaNemec_Archive3DModels.archive_3d_models 63:Trying to copy: ${KICAD8_3RD_PARTY}/3dmodels/com_github_CDFER_JLCPCB-Kicad-Library/JLCPCB.3dshapes/C_0402.step
10-03 11:09:56 com_github_MitjaNemec_Archive3DModels.archive_3d_models 78:Can not find model defined with enviroment variable:
${KICAD8_3RD_PARTY}/3dmodels/com_github_CDFER_JLCPCB-Kicad-Library/JLCPCB.3dshapes/C_0402.step
10-03 11:09:56 com_github_MitjaNemec_Archive3DModels.archive_3d_models 146:Did not copy: ${KICAD8_3RD_PARTY}/3dmodels/com_github_CDFER_JLCPCB-Kicad-Library/JLCPCB.3dshapes/C_0402.step
10-03 11:09:56 com_github_MitjaNemec_Archive3DModels.archive_3d_models 150:Remapping: ${KICAD8_3RD_PARTY}/3dmodels/com_github_CDFER_JLCPCB-Kicad-Library/JLCPCB.3dshapes/C_0402.step
10-03 11:09:56 com_github_MitjaNemec_Archive3DModels.archive_3d_models 51:Getting 3D models for footprint of: R210
10-03 11:09:56 com_github_MitjaNemec_Archive3DModels.archive_3d_models 63:Trying to copy: ${KICAD8_3RD_PARTY}/3dmodels/com_github_CDFER_JLCPCB-Kicad-Library/JLCPCB.3dshapes/R_0402.step
10-03 11:09:56 com_github_MitjaNemec_Archive3DModels.archive_3d_models 78:Can not find model defined with enviroment variable:
${KICAD8_3RD_PARTY}/3dmodels/com_github_CDFER_JLCPCB-Kicad-Library/JLCPCB.3dshapes/R_0402.step
10-03 11:09:56 com_github_MitjaNemec_Archive3DModels.archive_3d_models 146:Did not copy: ${KICAD8_3RD_PARTY}/3dmodels/com_github_CDFER_JLCPCB-Kicad-Library/JLCPCB.3dshapes/R_0402.step
10-03 11:09:56 com_github_MitjaNemec_Archive3DModels.archive_3d_models 150:Remapping: ${KICAD8_3RD_PARTY}/3dmodels/com_github_CDFER_JLCPCB-Kicad-Library/JLCPCB.3dshapes/R_0402.step
10-03 11:09:56 com_github_MitjaNemec_Archive3DModels.archive_3d_models 51:Getting 3D models for footprint of: C88
10-03 11:09:56 com_github_MitjaNemec_Archive3DModels.archive_3d_models 63:Trying to copy: ${KICAD8_3RD_PARTY}/3dmodels/com_github_CDFER_JLCPCB-Kicad-Library/JLCPCB.3dshapes/C_0402.step
10-03 11:09:56 com_github_MitjaNemec_Archive3DModels.archive_3d_models 78:Can not find model defined with enviroment variable:
${KICAD8_3RD_PARTY}/3dmodels/com_github_CDFER_JLCPCB-Kicad-Library/JLCPCB.3dshapes/C_0402.step
10-03 11:09:56 com_github_MitjaNemec_Archive3DModels.archive_3d_models 146:Did not copy: ${KICAD8_3RD_PARTY}/3dmodels/com_github_CDFER_JLCPCB-Kicad-Library/JLCPCB.3dshapes/C_0402.step
10-03 11:09:56 com_github_MitjaNemec_Archive3DModels.archive_3d_models 150:Remapping: ${KICAD8_3RD_PARTY}/3dmodels/com_github_CDFER_JLCPCB-Kicad-Library/JLCPCB.3dshapes/C_0402.step
10-03 11:09:56 com_github_MitjaNemec_Archive3DModels.archive_3d_models 51:Getting 3D models for footprint of: C28
10-03 11:09:56 com_github_MitjaNemec_Archive3DModels.archive_3d_models 63:Trying to copy: ${KICAD9_3DMODEL_DIR}/Capacitor_SMD.3dshapes/C_0603_1608Metric.step
10-03 11:09:56 com_github_MitjaNemec_Archive3DModels.archive_3d_models 150:Remapping: ${KICAD9_3DMODEL_DIR}/Capacitor_SMD.3dshapes/C_0603_1608Metric.step
10-03 11:09:56 com_github_MitjaNemec_Archive3DModels.archive_3d_models 51:Getting 3D models for footprint of: R218
10-03 11:09:56 com_github_MitjaNemec_Archive3DModels.archive_3d_models 63:Trying to copy: ${KICAD8_3RD_PARTY}/3dmodels/com_github_CDFER_JLCPCB-Kicad-Library/JLCPCB.3dshapes/R_0402.step
10-03 11:09:56 com_github_MitjaNemec_Archive3DModels.archive_3d_models 78:Can not find model defined with enviroment variable:
${KICAD8_3RD_PARTY}/3dmodels/com_github_CDFER_JLCPCB-Kicad-Library/JLCPCB.3dshapes/R_0402.step
10-03 11:09:56 com_github_MitjaNemec_Archive3DModels.archive_3d_models 146:Did not copy: ${KICAD8_3RD_PARTY}/3dmodels/com_github_CDFER_JLCPCB-Kicad-Library/JLCPCB.3dshapes/R_0402.step
10-03 11:09:56 com_github_MitjaNemec_Archive3DModels.archive_3d_models 150:Remapping: ${KICAD8_3RD_PARTY}/3dmodels/com_github_CDFER_JLCPCB-Kicad-Library/JLCPCB.3dshapes/R_0402.step
10-03 11:09:56 com_github_MitjaNemec_Archive3DModels.archive_3d_models 51:Getting 3D models for footprint of: C230
10-03 11:09:56 com_github_MitjaNemec_Archive3DModels.archive_3d_models 63:Trying to copy: ${KICAD8_3RD_PARTY}/3dmodels/com_github_CDFER_JLCPCB-Kicad-Library/JLCPCB.3dshapes/C_0402.step
10-03 11:09:56 com_github_MitjaNemec_Archive3DModels.archive_3d_models 78:Can not find model defined with enviroment variable:
${KICAD8_3RD_PARTY}/3dmodels/com_github_CDFER_JLCPCB-Kicad-Library/JLCPCB.3dshapes/C_0402.step
10-03 11:09:56 com_github_MitjaNemec_Archive3DModels.archive_3d_models 146:Did not copy: ${KICAD8_3RD_PARTY}/3dmodels/com_github_CDFER_JLCPCB-Kicad-Library/JLCPCB.3dshapes/C_0402.step
10-03 11:09:56 com_github_MitjaNemec_Archive3DModels.archive_3d_models 150:Remapping: ${KICAD8_3RD_PARTY}/3dmodels/com_github_CDFER_JLCPCB-Kicad-Library/JLCPCB.3dshapes/C_0402.step
10-03 11:09:56 com_github_MitjaNemec_Archive3DModels.archive_3d_models 51:Getting 3D models for footprint of: R2
10-03 11:09:56 com_github_MitjaNemec_Archive3DModels.archive_3d_models 63:Trying to copy: ${KICAD8_3RD_PARTY}/3dmodels/com_github_CDFER_JLCPCB-Kicad-Library/JLCPCB.3dshapes/R_0402.step
10-03 11:09:56 com_github_MitjaNemec_Archive3DModels.archive_3d_models 78:Can not find model defined with enviroment variable:
${KICAD8_3RD_PARTY}/3dmodels/com_github_CDFER_JLCPCB-Kicad-Library/JLCPCB.3dshapes/R_0402.step
10-03 11:09:56 com_github_MitjaNemec_Archive3DModels.archive_3d_models 146:Did not copy: ${KICAD8_3RD_PARTY}/3dmodels/com_github_CDFER_JLCPCB-Kicad-Library/JLCPCB.3dshapes/R_0402.step
10-03 11:09:56 com_github_MitjaNemec_Archive3DModels.archive_3d_models 150:Remapping: ${KICAD8_3RD_PARTY}/3dmodels/com_github_CDFER_JLCPCB-Kicad-Library/JLCPCB.3dshapes/R_0402.step
10-03 11:09:56 com_github_MitjaNemec_Archive3DModels.archive_3d_models 51:Getting 3D models for footprint of: R205
10-03 11:09:56 com_github_MitjaNemec_Archive3DModels.archive_3d_models 63:Trying to copy: ${KICAD8_3RD_PARTY}/3dmodels/com_github_CDFER_JLCPCB-Kicad-Library/JLCPCB.3dshapes/R_0402.step
10-03 11:09:56 com_github_MitjaNemec_Archive3DModels.archive_3d_models 78:Can not find model defined with enviroment variable:
${KICAD8_3RD_PARTY}/3dmodels/com_github_CDFER_JLCPCB-Kicad-Library/JLCPCB.3dshapes/R_0402.step
10-03 11:09:56 com_github_MitjaNemec_Archive3DModels.archive_3d_models 146:Did not copy: ${KICAD8_3RD_PARTY}/3dmodels/com_github_CDFER_JLCPCB-Kicad-Library/JLCPCB.3dshapes/R_0402.step
10-03 11:09:56 com_github_MitjaNemec_Archive3DModels.archive_3d_models 150:Remapping: ${KICAD8_3RD_PARTY}/3dmodels/com_github_CDFER_JLCPCB-Kicad-Library/JLCPCB.3dshapes/R_0402.step
10-03 11:09:56 com_github_MitjaNemec_Archive3DModels.archive_3d_models 51:Getting 3D models for footprint of: R9
10-03 11:09:56 com_github_MitjaNemec_Archive3DModels.archive_3d_models 63:Trying to copy: ${KICAD8_3RD_PARTY}/3dmodels/com_github_CDFER_JLCPCB-Kicad-Library/JLCPCB.3dshapes/R_0402.step
10-03 11:09:56 com_github_MitjaNemec_Archive3DModels.archive_3d_models 78:Can not find model defined with enviroment variable:
${KICAD8_3RD_PARTY}/3dmodels/com_github_CDFER_JLCPCB-Kicad-Library/JLCPCB.3dshapes/R_0402.step
10-03 11:09:56 com_github_MitjaNemec_Archive3DModels.archive_3d_models 146:Did not copy: ${KICAD8_3RD_PARTY}/3dmodels/com_github_CDFER_JLCPCB-Kicad-Library/JLCPCB.3dshapes/R_0402.step
10-03 11:09:56 com_github_MitjaNemec_Archive3DModels.archive_3d_models 150:Remapping: ${KICAD8_3RD_PARTY}/3dmodels/com_github_CDFER_JLCPCB-Kicad-Library/JLCPCB.3dshapes/R_0402.step
10-03 11:09:56 com_github_MitjaNemec_Archive3DModels.archive_3d_models 51:Getting 3D models for footprint of: R41
10-03 11:09:56 com_github_MitjaNemec_Archive3DModels.archive_3d_models 63:Trying to copy: ${KICAD8_3RD_PARTY}/3dmodels/com_github_CDFER_JLCPCB-Kicad-Library/JLCPCB.3dshapes/R_0402.step
10-03 11:09:56 com_github_MitjaNemec_Archive3DModels.archive_3d_models 78:Can not find model defined with enviroment variable:
${KICAD8_3RD_PARTY}/3dmodels/com_github_CDFER_JLCPCB-Kicad-Library/JLCPCB.3dshapes/R_0402.step
10-03 11:09:56 com_github_MitjaNemec_Archive3DModels.archive_3d_models 146:Did not copy: ${KICAD8_3RD_PARTY}/3dmodels/com_github_CDFER_JLCPCB-Kicad-Library/JLCPCB.3dshapes/R_0402.step
10-03 11:09:56 com_github_MitjaNemec_Archive3DModels.archive_3d_models 150:Remapping: ${KICAD8_3RD_PARTY}/3dmodels/com_github_CDFER_JLCPCB-Kicad-Library/JLCPCB.3dshapes/R_0402.step
10-03 11:09:56 com_github_MitjaNemec_Archive3DModels.archive_3d_models 51:Getting 3D models for footprint of: U206
10-03 11:09:56 com_github_MitjaNemec_Archive3DModels.archive_3d_models 63:Trying to copy: ${KICAD9_3DMODEL_DIR}/Package_SO.3dshapes/SOIC-8_3.9x4.9mm_P1.27mm.wrl
10-03 11:09:56 com_github_MitjaNemec_Archive3DModels.archive_3d_models 150:Remapping: ${KICAD9_3DMODEL_DIR}/Package_SO.3dshapes/SOIC-8_3.9x4.9mm_P1.27mm.wrl
10-03 11:09:56 com_github_MitjaNemec_Archive3DModels.archive_3d_models 51:Getting 3D models for footprint of: R15
10-03 11:09:56 com_github_MitjaNemec_Archive3DModels.archive_3d_models 63:Trying to copy: ${KICAD8_3RD_PARTY}/3dmodels/com_github_CDFER_JLCPCB-Kicad-Library/JLCPCB.3dshapes/R_0402.step
10-03 11:09:56 com_github_MitjaNemec_Archive3DModels.archive_3d_models 78:Can not find model defined with enviroment variable:
${KICAD8_3RD_PARTY}/3dmodels/com_github_CDFER_JLCPCB-Kicad-Library/JLCPCB.3dshapes/R_0402.step
10-03 11:09:56 com_github_MitjaNemec_Archive3DModels.archive_3d_models 146:Did not copy: ${KICAD8_3RD_PARTY}/3dmodels/com_github_CDFER_JLCPCB-Kicad-Library/JLCPCB.3dshapes/R_0402.step
10-03 11:09:56 com_github_MitjaNemec_Archive3DModels.archive_3d_models 150:Remapping: ${KICAD8_3RD_PARTY}/3dmodels/com_github_CDFER_JLCPCB-Kicad-Library/JLCPCB.3dshapes/R_0402.step
10-03 11:09:56 com_github_MitjaNemec_Archive3DModels.archive_3d_models 51:Getting 3D models for footprint of: R221
10-03 11:09:56 com_github_MitjaNemec_Archive3DModels.archive_3d_models 63:Trying to copy: ${KICAD8_3RD_PARTY}/3dmodels/com_github_CDFER_JLCPCB-Kicad-Library/JLCPCB.3dshapes/R_0402.step
10-03 11:09:56 com_github_MitjaNemec_Archive3DModels.archive_3d_models 78:Can not find model defined with enviroment variable:
${KICAD8_3RD_PARTY}/3dmodels/com_github_CDFER_JLCPCB-Kicad-Library/JLCPCB.3dshapes/R_0402.step
10-03 11:09:56 com_github_MitjaNemec_Archive3DModels.archive_3d_models 146:Did not copy: ${KICAD8_3RD_PARTY}/3dmodels/com_github_CDFER_JLCPCB-Kicad-Library/JLCPCB.3dshapes/R_0402.step
10-03 11:09:56 com_github_MitjaNemec_Archive3DModels.archive_3d_models 150:Remapping: ${KICAD8_3RD_PARTY}/3dmodels/com_github_CDFER_JLCPCB-Kicad-Library/JLCPCB.3dshapes/R_0402.step
10-03 11:09:56 com_github_MitjaNemec_Archive3DModels.archive_3d_models 51:Getting 3D models for footprint of: R11
10-03 11:09:56 com_github_MitjaNemec_Archive3DModels.archive_3d_models 63:Trying to copy: ${KICAD8_3RD_PARTY}/3dmodels/com_github_CDFER_JLCPCB-Kicad-Library/JLCPCB.3dshapes/R_0805.step
10-03 11:09:56 com_github_MitjaNemec_Archive3DModels.archive_3d_models 78:Can not find model defined with enviroment variable:
${KICAD8_3RD_PARTY}/3dmodels/com_github_CDFER_JLCPCB-Kicad-Library/JLCPCB.3dshapes/R_0805.step
10-03 11:09:56 com_github_MitjaNemec_Archive3DModels.archive_3d_models 146:Did not copy: ${KICAD8_3RD_PARTY}/3dmodels/com_github_CDFER_JLCPCB-Kicad-Library/JLCPCB.3dshapes/R_0805.step
10-03 11:09:56 com_github_MitjaNemec_Archive3DModels.archive_3d_models 150:Remapping: ${KICAD8_3RD_PARTY}/3dmodels/com_github_CDFER_JLCPCB-Kicad-Library/JLCPCB.3dshapes/R_0805.step
10-03 11:09:56 com_github_MitjaNemec_Archive3DModels.archive_3d_models 51:Getting 3D models for footprint of: C110
10-03 11:09:56 com_github_MitjaNemec_Archive3DModels.archive_3d_models 63:Trying to copy: ${KICAD8_3RD_PARTY}/3dmodels/com_github_CDFER_JLCPCB-Kicad-Library/JLCPCB.3dshapes/C_1206.step
10-03 11:09:56 com_github_MitjaNemec_Archive3DModels.archive_3d_models 78:Can not find model defined with enviroment variable:
${KICAD8_3RD_PARTY}/3dmodels/com_github_CDFER_JLCPCB-Kicad-Library/JLCPCB.3dshapes/C_1206.step
10-03 11:09:56 com_github_MitjaNemec_Archive3DModels.archive_3d_models 146:Did not copy: ${KICAD8_3RD_PARTY}/3dmodels/com_github_CDFER_JLCPCB-Kicad-Library/JLCPCB.3dshapes/C_1206.step
10-03 11:09:56 com_github_MitjaNemec_Archive3DModels.archive_3d_models 150:Remapping: ${KICAD8_3RD_PARTY}/3dmodels/com_github_CDFER_JLCPCB-Kicad-Library/JLCPCB.3dshapes/C_1206.step
10-03 11:09:56 com_github_MitjaNemec_Archive3DModels.archive_3d_models 51:Getting 3D models for footprint of: R58
10-03 11:09:56 com_github_MitjaNemec_Archive3DModels.archive_3d_models 63:Trying to copy: ${KICAD8_3RD_PARTY}/3dmodels/com_github_CDFER_JLCPCB-Kicad-Library/JLCPCB.3dshapes/R_0402.step
10-03 11:09:56 com_github_MitjaNemec_Archive3DModels.archive_3d_models 78:Can not find model defined with enviroment variable:
${KICAD8_3RD_PARTY}/3dmodels/com_github_CDFER_JLCPCB-Kicad-Library/JLCPCB.3dshapes/R_0402.step
10-03 11:09:56 com_github_MitjaNemec_Archive3DModels.archive_3d_models 146:Did not copy: ${KICAD8_3RD_PARTY}/3dmodels/com_github_CDFER_JLCPCB-Kicad-Library/JLCPCB.3dshapes/R_0402.step
10-03 11:09:56 com_github_MitjaNemec_Archive3DModels.archive_3d_models 150:Remapping: ${KICAD8_3RD_PARTY}/3dmodels/com_github_CDFER_JLCPCB-Kicad-Library/JLCPCB.3dshapes/R_0402.step
10-03 11:09:56 com_github_MitjaNemec_Archive3DModels.archive_3d_models 51:Getting 3D models for footprint of: R216
10-03 11:09:56 com_github_MitjaNemec_Archive3DModels.archive_3d_models 63:Trying to copy: ${KICAD8_3RD_PARTY}/3dmodels/com_github_CDFER_JLCPCB-Kicad-Library/JLCPCB.3dshapes/R_0402.step
10-03 11:09:56 com_github_MitjaNemec_Archive3DModels.archive_3d_models 78:Can not find model defined with enviroment variable:
${KICAD8_3RD_PARTY}/3dmodels/com_github_CDFER_JLCPCB-Kicad-Library/JLCPCB.3dshapes/R_0402.step
10-03 11:09:56 com_github_MitjaNemec_Archive3DModels.archive_3d_models 146:Did not copy: ${KICAD8_3RD_PARTY}/3dmodels/com_github_CDFER_JLCPCB-Kicad-Library/JLCPCB.3dshapes/R_0402.step
10-03 11:09:56 com_github_MitjaNemec_Archive3DModels.archive_3d_models 150:Remapping: ${KICAD8_3RD_PARTY}/3dmodels/com_github_CDFER_JLCPCB-Kicad-Library/JLCPCB.3dshapes/R_0402.step
10-03 11:09:56 com_github_MitjaNemec_Archive3DModels.archive_3d_models 51:Getting 3D models for footprint of: C405
10-03 11:09:56 com_github_MitjaNemec_Archive3DModels.archive_3d_models 63:Trying to copy: ${KICAD8_3RD_PARTY}/3dmodels/com_github_CDFER_JLCPCB-Kicad-Library/JLCPCB.3dshapes/C_0603.step
10-03 11:09:56 com_github_MitjaNemec_Archive3DModels.archive_3d_models 78:Can not find model defined with enviroment variable:
${KICAD8_3RD_PARTY}/3dmodels/com_github_CDFER_JLCPCB-Kicad-Library/JLCPCB.3dshapes/C_0603.step
10-03 11:09:56 com_github_MitjaNemec_Archive3DModels.archive_3d_models 146:Did not copy: ${KICAD8_3RD_PARTY}/3dmodels/com_github_CDFER_JLCPCB-Kicad-Library/JLCPCB.3dshapes/C_0603.step
10-03 11:09:56 com_github_MitjaNemec_Archive3DModels.archive_3d_models 150:Remapping: ${KICAD8_3RD_PARTY}/3dmodels/com_github_CDFER_JLCPCB-Kicad-Library/JLCPCB.3dshapes/C_0603.step
10-03 11:09:56 com_github_MitjaNemec_Archive3DModels.archive_3d_models 51:Getting 3D models for footprint of: J2
10-03 11:09:56 com_github_MitjaNemec_Archive3DModels.archive_3d_models 63:Trying to copy: ${KICAD9_3DMODEL_DIR}/Connector_PinHeader_2.54mm.3dshapes/PinHeader_1x02_P2.54mm_Vertical.step
10-03 11:09:56 com_github_MitjaNemec_Archive3DModels.archive_3d_models 150:Remapping: ${KICAD9_3DMODEL_DIR}/Connector_PinHeader_2.54mm.3dshapes/PinHeader_1x02_P2.54mm_Vertical.step
10-03 11:09:56 com_github_MitjaNemec_Archive3DModels.archive_3d_models 51:Getting 3D models for footprint of: U13
10-03 11:09:56 com_github_MitjaNemec_Archive3DModels.archive_3d_models 63:Trying to copy: ${KICAD9_3DMODEL_DIR}/Package_TO_SOT_SMD.3dshapes/SOT-23-6.step
10-03 11:09:56 com_github_MitjaNemec_Archive3DModels.archive_3d_models 150:Remapping: ${KICAD9_3DMODEL_DIR}/Package_TO_SOT_SMD.3dshapes/SOT-23-6.step
10-03 11:09:56 com_github_MitjaNemec_Archive3DModels.archive_3d_models 51:Getting 3D models for footprint of: R96
10-03 11:09:56 com_github_MitjaNemec_Archive3DModels.archive_3d_models 63:Trying to copy: ${KICAD8_3RD_PARTY}/3dmodels/com_github_CDFER_JLCPCB-Kicad-Library/JLCPCB.3dshapes/R_0402.step
10-03 11:09:56 com_github_MitjaNemec_Archive3DModels.archive_3d_models 78:Can not find model defined with enviroment variable:
${KICAD8_3RD_PARTY}/3dmodels/com_github_CDFER_JLCPCB-Kicad-Library/JLCPCB.3dshapes/R_0402.step
10-03 11:09:56 com_github_MitjaNemec_Archive3DModels.archive_3d_models 146:Did not copy: ${KICAD8_3RD_PARTY}/3dmodels/com_github_CDFER_JLCPCB-Kicad-Library/JLCPCB.3dshapes/R_0402.step
10-03 11:09:56 com_github_MitjaNemec_Archive3DModels.archive_3d_models 150:Remapping: ${KICAD8_3RD_PARTY}/3dmodels/com_github_CDFER_JLCPCB-Kicad-Library/JLCPCB.3dshapes/R_0402.step
10-03 11:09:56 com_github_MitjaNemec_Archive3DModels.archive_3d_models 51:Getting 3D models for footprint of: C204
10-03 11:09:56 com_github_MitjaNemec_Archive3DModels.archive_3d_models 63:Trying to copy: ${KICAD8_3RD_PARTY}/3dmodels/com_github_CDFER_JLCPCB-Kicad-Library/JLCPCB.3dshapes/C_0805.step
10-03 11:09:56 com_github_MitjaNemec_Archive3DModels.archive_3d_models 78:Can not find model defined with enviroment variable:
${KICAD8_3RD_PARTY}/3dmodels/com_github_CDFER_JLCPCB-Kicad-Library/JLCPCB.3dshapes/C_0805.step
10-03 11:09:56 com_github_MitjaNemec_Archive3DModels.archive_3d_models 146:Did not copy: ${KICAD8_3RD_PARTY}/3dmodels/com_github_CDFER_JLCPCB-Kicad-Library/JLCPCB.3dshapes/C_0805.step
10-03 11:09:56 com_github_MitjaNemec_Archive3DModels.archive_3d_models 150:Remapping: ${KICAD8_3RD_PARTY}/3dmodels/com_github_CDFER_JLCPCB-Kicad-Library/JLCPCB.3dshapes/C_0805.step
10-03 11:09:56 com_github_MitjaNemec_Archive3DModels.archive_3d_models 51:Getting 3D models for footprint of: C236
10-03 11:09:56 com_github_MitjaNemec_Archive3DModels.archive_3d_models 63:Trying to copy: ${KICAD9_3DMODEL_DIR}/Capacitor_SMD.3dshapes/C_Elec_6.3x7.7.wrl
10-03 11:09:56 com_github_MitjaNemec_Archive3DModels.archive_3d_models 150:Remapping: ${KICAD9_3DMODEL_DIR}/Capacitor_SMD.3dshapes/C_Elec_6.3x7.7.wrl
10-03 11:09:56 com_github_MitjaNemec_Archive3DModels.archive_3d_models 51:Getting 3D models for footprint of: R214
10-03 11:09:56 com_github_MitjaNemec_Archive3DModels.archive_3d_models 63:Trying to copy: ${KICAD8_3RD_PARTY}/3dmodels/com_github_CDFER_JLCPCB-Kicad-Library/JLCPCB.3dshapes/R_0402.step
10-03 11:09:56 com_github_MitjaNemec_Archive3DModels.archive_3d_models 78:Can not find model defined with enviroment variable:
${KICAD8_3RD_PARTY}/3dmodels/com_github_CDFER_JLCPCB-Kicad-Library/JLCPCB.3dshapes/R_0402.step
10-03 11:09:56 com_github_MitjaNemec_Archive3DModels.archive_3d_models 146:Did not copy: ${KICAD8_3RD_PARTY}/3dmodels/com_github_CDFER_JLCPCB-Kicad-Library/JLCPCB.3dshapes/R_0402.step
10-03 11:09:56 com_github_MitjaNemec_Archive3DModels.archive_3d_models 150:Remapping: ${KICAD8_3RD_PARTY}/3dmodels/com_github_CDFER_JLCPCB-Kicad-Library/JLCPCB.3dshapes/R_0402.step
10-03 11:09:56 com_github_MitjaNemec_Archive3DModels.archive_3d_models 51:Getting 3D models for footprint of: C10
10-03 11:09:56 com_github_MitjaNemec_Archive3DModels.archive_3d_models 63:Trying to copy: ${KICAD8_3RD_PARTY}/3dmodels/com_github_CDFER_JLCPCB-Kicad-Library/JLCPCB.3dshapes/C_0402.step
10-03 11:09:56 com_github_MitjaNemec_Archive3DModels.archive_3d_models 78:Can not find model defined with enviroment variable:
${KICAD8_3RD_PARTY}/3dmodels/com_github_CDFER_JLCPCB-Kicad-Library/JLCPCB.3dshapes/C_0402.step
10-03 11:09:56 com_github_MitjaNemec_Archive3DModels.archive_3d_models 146:Did not copy: ${KICAD8_3RD_PARTY}/3dmodels/com_github_CDFER_JLCPCB-Kicad-Library/JLCPCB.3dshapes/C_0402.step
10-03 11:09:56 com_github_MitjaNemec_Archive3DModels.archive_3d_models 150:Remapping: ${KICAD8_3RD_PARTY}/3dmodels/com_github_CDFER_JLCPCB-Kicad-Library/JLCPCB.3dshapes/C_0402.step
10-03 11:09:56 com_github_MitjaNemec_Archive3DModels.archive_3d_models 51:Getting 3D models for footprint of: C57
10-03 11:09:56 com_github_MitjaNemec_Archive3DModels.archive_3d_models 63:Trying to copy: ${KICAD8_3RD_PARTY}/3dmodels/com_github_CDFER_JLCPCB-Kicad-Library/JLCPCB.3dshapes/C_0402.step
10-03 11:09:56 com_github_MitjaNemec_Archive3DModels.archive_3d_models 78:Can not find model defined with enviroment variable:
${KICAD8_3RD_PARTY}/3dmodels/com_github_CDFER_JLCPCB-Kicad-Library/JLCPCB.3dshapes/C_0402.step
10-03 11:09:56 com_github_MitjaNemec_Archive3DModels.archive_3d_models 146:Did not copy: ${KICAD8_3RD_PARTY}/3dmodels/com_github_CDFER_JLCPCB-Kicad-Library/JLCPCB.3dshapes/C_0402.step
10-03 11:09:56 com_github_MitjaNemec_Archive3DModels.archive_3d_models 150:Remapping: ${KICAD8_3RD_PARTY}/3dmodels/com_github_CDFER_JLCPCB-Kicad-Library/JLCPCB.3dshapes/C_0402.step
10-03 11:09:56 com_github_MitjaNemec_Archive3DModels.archive_3d_models 51:Getting 3D models for footprint of: C220
10-03 11:09:56 com_github_MitjaNemec_Archive3DModels.archive_3d_models 63:Trying to copy: ${KICAD8_3RD_PARTY}/3dmodels/com_github_CDFER_JLCPCB-Kicad-Library/JLCPCB.3dshapes/C_0402.step
10-03 11:09:56 com_github_MitjaNemec_Archive3DModels.archive_3d_models 78:Can not find model defined with enviroment variable:
${KICAD8_3RD_PARTY}/3dmodels/com_github_CDFER_JLCPCB-Kicad-Library/JLCPCB.3dshapes/C_0402.step
10-03 11:09:56 com_github_MitjaNemec_Archive3DModels.archive_3d_models 146:Did not copy: ${KICAD8_3RD_PARTY}/3dmodels/com_github_CDFER_JLCPCB-Kicad-Library/JLCPCB.3dshapes/C_0402.step
10-03 11:09:56 com_github_MitjaNemec_Archive3DModels.archive_3d_models 150:Remapping: ${KICAD8_3RD_PARTY}/3dmodels/com_github_CDFER_JLCPCB-Kicad-Library/JLCPCB.3dshapes/C_0402.step
10-03 11:09:56 com_github_MitjaNemec_Archive3DModels.archive_3d_models 51:Getting 3D models for footprint of: C108
10-03 11:09:56 com_github_MitjaNemec_Archive3DModels.archive_3d_models 63:Trying to copy: ${KICAD8_3RD_PARTY}/3dmodels/com_github_CDFER_JLCPCB-Kicad-Library/JLCPCB.3dshapes/C_1206.step
10-03 11:09:56 com_github_MitjaNemec_Archive3DModels.archive_3d_models 78:Can not find model defined with enviroment variable:
${KICAD8_3RD_PARTY}/3dmodels/com_github_CDFER_JLCPCB-Kicad-Library/JLCPCB.3dshapes/C_1206.step
10-03 11:09:56 com_github_MitjaNemec_Archive3DModels.archive_3d_models 146:Did not copy: ${KICAD8_3RD_PARTY}/3dmodels/com_github_CDFER_JLCPCB-Kicad-Library/JLCPCB.3dshapes/C_1206.step
10-03 11:09:56 com_github_MitjaNemec_Archive3DModels.archive_3d_models 150:Remapping: ${KICAD8_3RD_PARTY}/3dmodels/com_github_CDFER_JLCPCB-Kicad-Library/JLCPCB.3dshapes/C_1206.step
10-03 11:09:56 com_github_MitjaNemec_Archive3DModels.archive_3d_models 51:Getting 3D models for footprint of: C201
10-03 11:09:56 com_github_MitjaNemec_Archive3DModels.archive_3d_models 63:Trying to copy: ${KICAD8_3RD_PARTY}/3dmodels/com_github_CDFER_JLCPCB-Kicad-Library/JLCPCB.3dshapes/C_0402.step
10-03 11:09:56 com_github_MitjaNemec_Archive3DModels.archive_3d_models 78:Can not find model defined with enviroment variable:
${KICAD8_3RD_PARTY}/3dmodels/com_github_CDFER_JLCPCB-Kicad-Library/JLCPCB.3dshapes/C_0402.step
10-03 11:09:56 com_github_MitjaNemec_Archive3DModels.archive_3d_models 146:Did not copy: ${KICAD8_3RD_PARTY}/3dmodels/com_github_CDFER_JLCPCB-Kicad-Library/JLCPCB.3dshapes/C_0402.step
10-03 11:09:56 com_github_MitjaNemec_Archive3DModels.archive_3d_models 150:Remapping: ${KICAD8_3RD_PARTY}/3dmodels/com_github_CDFER_JLCPCB-Kicad-Library/JLCPCB.3dshapes/C_0402.step
10-03 11:09:56 com_github_MitjaNemec_Archive3DModels.archive_3d_models 51:Getting 3D models for footprint of: U9
10-03 11:09:56 com_github_MitjaNemec_Archive3DModels.archive_3d_models 63:Trying to copy: ${KICAD9_3DMODEL_DIR}/Package_TO_SOT_SMD.3dshapes/SOT-23.step
10-03 11:09:56 com_github_MitjaNemec_Archive3DModels.archive_3d_models 150:Remapping: ${KICAD9_3DMODEL_DIR}/Package_TO_SOT_SMD.3dshapes/SOT-23.step
10-03 11:09:56 com_github_MitjaNemec_Archive3DModels.archive_3d_models 51:Getting 3D models for footprint of: C210
10-03 11:09:56 com_github_MitjaNemec_Archive3DModels.archive_3d_models 63:Trying to copy: ${KICAD8_3RD_PARTY}/3dmodels/com_github_CDFER_JLCPCB-Kicad-Library/JLCPCB.3dshapes/C_0402.step
10-03 11:09:56 com_github_MitjaNemec_Archive3DModels.archive_3d_models 78:Can not find model defined with enviroment variable:
${KICAD8_3RD_PARTY}/3dmodels/com_github_CDFER_JLCPCB-Kicad-Library/JLCPCB.3dshapes/C_0402.step
10-03 11:09:56 com_github_MitjaNemec_Archive3DModels.archive_3d_models 146:Did not copy: ${KICAD8_3RD_PARTY}/3dmodels/com_github_CDFER_JLCPCB-Kicad-Library/JLCPCB.3dshapes/C_0402.step
10-03 11:09:56 com_github_MitjaNemec_Archive3DModels.archive_3d_models 150:Remapping: ${KICAD8_3RD_PARTY}/3dmodels/com_github_CDFER_JLCPCB-Kicad-Library/JLCPCB.3dshapes/C_0402.step
10-03 11:09:56 com_github_MitjaNemec_Archive3DModels.archive_3d_models 51:Getting 3D models for footprint of: U11
10-03 11:09:56 com_github_MitjaNemec_Archive3DModels.archive_3d_models 63:Trying to copy: ${KICAD9_3DMODEL_DIR}/Package_SO.3dshapes/SOP-8-1EP_4.57x4.57mm_P1.27mm_EP4.57x4.45mm.step
10-03 11:09:56 com_github_MitjaNemec_Archive3DModels.archive_3d_models 146:Did not copy: ${KICAD9_3DMODEL_DIR}/Package_SO.3dshapes/SOP-8-1EP_4.57x4.57mm_P1.27mm_EP4.57x4.45mm.step
10-03 11:09:56 com_github_MitjaNemec_Archive3DModels.archive_3d_models 150:Remapping: ${KICAD9_3DMODEL_DIR}/Package_SO.3dshapes/SOP-8-1EP_4.57x4.57mm_P1.27mm_EP4.57x4.45mm.step
10-03 11:09:56 com_github_MitjaNemec_Archive3DModels.archive_3d_models 51:Getting 3D models for footprint of: C2
10-03 11:09:56 com_github_MitjaNemec_Archive3DModels.archive_3d_models 63:Trying to copy: ${KICAD8_3RD_PARTY}/3dmodels/com_github_CDFER_JLCPCB-Kicad-Library/JLCPCB.3dshapes/C_0402.step
10-03 11:09:56 com_github_MitjaNemec_Archive3DModels.archive_3d_models 78:Can not find model defined with enviroment variable:
${KICAD8_3RD_PARTY}/3dmodels/com_github_CDFER_JLCPCB-Kicad-Library/JLCPCB.3dshapes/C_0402.step
10-03 11:09:56 com_github_MitjaNemec_Archive3DModels.archive_3d_models 146:Did not copy: ${KICAD8_3RD_PARTY}/3dmodels/com_github_CDFER_JLCPCB-Kicad-Library/JLCPCB.3dshapes/C_0402.step
10-03 11:09:56 com_github_MitjaNemec_Archive3DModels.archive_3d_models 150:Remapping: ${KICAD8_3RD_PARTY}/3dmodels/com_github_CDFER_JLCPCB-Kicad-Library/JLCPCB.3dshapes/C_0402.step
10-03 11:09:56 com_github_MitjaNemec_Archive3DModels.archive_3d_models 51:Getting 3D models for footprint of: R10
10-03 11:09:56 com_github_MitjaNemec_Archive3DModels.archive_3d_models 63:Trying to copy: ${KICAD8_3RD_PARTY}/3dmodels/com_github_CDFER_JLCPCB-Kicad-Library/JLCPCB.3dshapes/R_0402.step
10-03 11:09:56 com_github_MitjaNemec_Archive3DModels.archive_3d_models 78:Can not find model defined with enviroment variable:
${KICAD8_3RD_PARTY}/3dmodels/com_github_CDFER_JLCPCB-Kicad-Library/JLCPCB.3dshapes/R_0402.step
10-03 11:09:56 com_github_MitjaNemec_Archive3DModels.archive_3d_models 146:Did not copy: ${KICAD8_3RD_PARTY}/3dmodels/com_github_CDFER_JLCPCB-Kicad-Library/JLCPCB.3dshapes/R_0402.step
10-03 11:09:56 com_github_MitjaNemec_Archive3DModels.archive_3d_models 150:Remapping: ${KICAD8_3RD_PARTY}/3dmodels/com_github_CDFER_JLCPCB-Kicad-Library/JLCPCB.3dshapes/R_0402.step
10-03 11:09:56 com_github_MitjaNemec_Archive3DModels.archive_3d_models 51:Getting 3D models for footprint of: C21
10-03 11:09:56 com_github_MitjaNemec_Archive3DModels.archive_3d_models 63:Trying to copy: ${KICAD8_3RD_PARTY}/3dmodels/com_github_CDFER_JLCPCB-Kicad-Library/JLCPCB.3dshapes/C_0402.step
10-03 11:09:56 com_github_MitjaNemec_Archive3DModels.archive_3d_models 78:Can not find model defined with enviroment variable:
${KICAD8_3RD_PARTY}/3dmodels/com_github_CDFER_JLCPCB-Kicad-Library/JLCPCB.3dshapes/C_0402.step
10-03 11:09:56 com_github_MitjaNemec_Archive3DModels.archive_3d_models 146:Did not copy: ${KICAD8_3RD_PARTY}/3dmodels/com_github_CDFER_JLCPCB-Kicad-Library/JLCPCB.3dshapes/C_0402.step
10-03 11:09:56 com_github_MitjaNemec_Archive3DModels.archive_3d_models 150:Remapping: ${KICAD8_3RD_PARTY}/3dmodels/com_github_CDFER_JLCPCB-Kicad-Library/JLCPCB.3dshapes/C_0402.step
10-03 11:09:56 com_github_MitjaNemec_Archive3DModels.archive_3d_models 51:Getting 3D models for footprint of: U5
10-03 11:09:56 com_github_MitjaNemec_Archive3DModels.archive_3d_models 63:Trying to copy: ${KICAD9_3DMODEL_DIR}/Package_TO_SOT_SMD.3dshapes/SOT-23.step
10-03 11:09:56 com_github_MitjaNemec_Archive3DModels.archive_3d_models 150:Remapping: ${KICAD9_3DMODEL_DIR}/Package_TO_SOT_SMD.3dshapes/SOT-23.step
10-03 11:09:56 com_github_MitjaNemec_Archive3DModels.archive_3d_models 51:Getting 3D models for footprint of: R202
10-03 11:09:56 com_github_MitjaNemec_Archive3DModels.archive_3d_models 63:Trying to copy: ${KICAD8_3RD_PARTY}/3dmodels/com_github_CDFER_JLCPCB-Kicad-Library/JLCPCB.3dshapes/R_0402.step
10-03 11:09:56 com_github_MitjaNemec_Archive3DModels.archive_3d_models 78:Can not find model defined with enviroment variable:
${KICAD8_3RD_PARTY}/3dmodels/com_github_CDFER_JLCPCB-Kicad-Library/JLCPCB.3dshapes/R_0402.step
10-03 11:09:56 com_github_MitjaNemec_Archive3DModels.archive_3d_models 146:Did not copy: ${KICAD8_3RD_PARTY}/3dmodels/com_github_CDFER_JLCPCB-Kicad-Library/JLCPCB.3dshapes/R_0402.step
10-03 11:09:56 com_github_MitjaNemec_Archive3DModels.archive_3d_models 150:Remapping: ${KICAD8_3RD_PARTY}/3dmodels/com_github_CDFER_JLCPCB-Kicad-Library/JLCPCB.3dshapes/R_0402.step
10-03 11:09:56 com_github_MitjaNemec_Archive3DModels.archive_3d_models 51:Getting 3D models for footprint of: D4
10-03 11:09:56 com_github_MitjaNemec_Archive3DModels.archive_3d_models 63:Trying to copy: ${KICAD9_3DMODEL_DIR}/Diode_SMD.3dshapes/D_SOD-123.step
10-03 11:09:56 com_github_MitjaNemec_Archive3DModels.archive_3d_models 150:Remapping: ${KICAD9_3DMODEL_DIR}/Diode_SMD.3dshapes/D_SOD-123.step
10-03 11:09:56 com_github_MitjaNemec_Archive3DModels.archive_3d_models 51:Getting 3D models for footprint of: D202
10-03 11:09:56 com_github_MitjaNemec_Archive3DModels.archive_3d_models 63:Trying to copy: ${KICAD9_3DMODEL_DIR}/Package_TO_SOT_SMD.3dshapes/SOT-23.wrl
10-03 11:09:56 com_github_MitjaNemec_Archive3DModels.archive_3d_models 150:Remapping: ${KICAD9_3DMODEL_DIR}/Package_TO_SOT_SMD.3dshapes/SOT-23.wrl
10-03 11:09:56 com_github_MitjaNemec_Archive3DModels.archive_3d_models 51:Getting 3D models for footprint of: R217
10-03 11:09:56 com_github_MitjaNemec_Archive3DModels.archive_3d_models 63:Trying to copy: ${KICAD8_3RD_PARTY}/3dmodels/com_github_CDFER_JLCPCB-Kicad-Library/JLCPCB.3dshapes/R_0402.step
10-03 11:09:56 com_github_MitjaNemec_Archive3DModels.archive_3d_models 78:Can not find model defined with enviroment variable:
${KICAD8_3RD_PARTY}/3dmodels/com_github_CDFER_JLCPCB-Kicad-Library/JLCPCB.3dshapes/R_0402.step
10-03 11:09:56 com_github_MitjaNemec_Archive3DModels.archive_3d_models 146:Did not copy: ${KICAD8_3RD_PARTY}/3dmodels/com_github_CDFER_JLCPCB-Kicad-Library/JLCPCB.3dshapes/R_0402.step
10-03 11:09:56 com_github_MitjaNemec_Archive3DModels.archive_3d_models 150:Remapping: ${KICAD8_3RD_PARTY}/3dmodels/com_github_CDFER_JLCPCB-Kicad-Library/JLCPCB.3dshapes/R_0402.step
10-03 11:09:56 com_github_MitjaNemec_Archive3DModels.archive_3d_models 51:Getting 3D models for footprint of: R222
10-03 11:09:56 com_github_MitjaNemec_Archive3DModels.archive_3d_models 63:Trying to copy: ${KICAD8_3RD_PARTY}/3dmodels/com_github_CDFER_JLCPCB-Kicad-Library/JLCPCB.3dshapes/R_0402.step
10-03 11:09:56 com_github_MitjaNemec_Archive3DModels.archive_3d_models 78:Can not find model defined with enviroment variable:
${KICAD8_3RD_PARTY}/3dmodels/com_github_CDFER_JLCPCB-Kicad-Library/JLCPCB.3dshapes/R_0402.step
10-03 11:09:56 com_github_MitjaNemec_Archive3DModels.archive_3d_models 146:Did not copy: ${KICAD8_3RD_PARTY}/3dmodels/com_github_CDFER_JLCPCB-Kicad-Library/JLCPCB.3dshapes/R_0402.step
10-03 11:09:56 com_github_MitjaNemec_Archive3DModels.archive_3d_models 150:Remapping: ${KICAD8_3RD_PARTY}/3dmodels/com_github_CDFER_JLCPCB-Kicad-Library/JLCPCB.3dshapes/R_0402.step
10-03 11:09:56 com_github_MitjaNemec_Archive3DModels.archive_3d_models 51:Getting 3D models for footprint of: C209
10-03 11:09:56 com_github_MitjaNemec_Archive3DModels.archive_3d_models 63:Trying to copy: ${KICAD8_3RD_PARTY}/3dmodels/com_github_CDFER_JLCPCB-Kicad-Library/JLCPCB.3dshapes/C_0402.step
10-03 11:09:56 com_github_MitjaNemec_Archive3DModels.archive_3d_models 78:Can not find model defined with enviroment variable:
${KICAD8_3RD_PARTY}/3dmodels/com_github_CDFER_JLCPCB-Kicad-Library/JLCPCB.3dshapes/C_0402.step
10-03 11:09:56 com_github_MitjaNemec_Archive3DModels.archive_3d_models 146:Did not copy: ${KICAD8_3RD_PARTY}/3dmodels/com_github_CDFER_JLCPCB-Kicad-Library/JLCPCB.3dshapes/C_0402.step
10-03 11:09:56 com_github_MitjaNemec_Archive3DModels.archive_3d_models 150:Remapping: ${KICAD8_3RD_PARTY}/3dmodels/com_github_CDFER_JLCPCB-Kicad-Library/JLCPCB.3dshapes/C_0402.step
10-03 11:09:56 com_github_MitjaNemec_Archive3DModels.archive_3d_models 51:Getting 3D models for footprint of: R201
10-03 11:09:56 com_github_MitjaNemec_Archive3DModels.archive_3d_models 63:Trying to copy: ${KICAD8_3RD_PARTY}/3dmodels/com_github_CDFER_JLCPCB-Kicad-Library/JLCPCB.3dshapes/R_0402.step
10-03 11:09:56 com_github_MitjaNemec_Archive3DModels.archive_3d_models 78:Can not find model defined with enviroment variable:
${KICAD8_3RD_PARTY}/3dmodels/com_github_CDFER_JLCPCB-Kicad-Library/JLCPCB.3dshapes/R_0402.step
10-03 11:09:56 com_github_MitjaNemec_Archive3DModels.archive_3d_models 146:Did not copy: ${KICAD8_3RD_PARTY}/3dmodels/com_github_CDFER_JLCPCB-Kicad-Library/JLCPCB.3dshapes/R_0402.step
10-03 11:09:56 com_github_MitjaNemec_Archive3DModels.archive_3d_models 150:Remapping: ${KICAD8_3RD_PARTY}/3dmodels/com_github_CDFER_JLCPCB-Kicad-Library/JLCPCB.3dshapes/R_0402.step
10-03 11:09:56 com_github_MitjaNemec_Archive3DModels.archive_3d_models 51:Getting 3D models for footprint of: Y3
10-03 11:09:56 com_github_MitjaNemec_Archive3DModels.archive_3d_models 63:Trying to copy: ${KICAD9_3DMODEL_DIR}/Oscillator.3dshapes/Oscillator_SMD_SeikoEpson_SG8002LB-4Pin_5.0x3.2mm.step
10-03 11:09:56 com_github_MitjaNemec_Archive3DModels.archive_3d_models 146:Did not copy: ${KICAD9_3DMODEL_DIR}/Oscillator.3dshapes/Oscillator_SMD_SeikoEpson_SG8002LB-4Pin_5.0x3.2mm.step
10-03 11:09:56 com_github_MitjaNemec_Archive3DModels.archive_3d_models 150:Remapping: ${KICAD9_3DMODEL_DIR}/Oscillator.3dshapes/Oscillator_SMD_SeikoEpson_SG8002LB-4Pin_5.0x3.2mm.step
10-03 11:09:56 com_github_MitjaNemec_Archive3DModels.archive_3d_models 51:Getting 3D models for footprint of: L3
10-03 11:09:56 com_github_MitjaNemec_Archive3DModels.archive_3d_models 63:Trying to copy: ${KICAD9_3DMODEL_DIR}/Inductor_SMD.3dshapes/L_12x12mm_H8mm.step
10-03 11:09:56 com_github_MitjaNemec_Archive3DModels.archive_3d_models 146:Did not copy: ${KICAD9_3DMODEL_DIR}/Inductor_SMD.3dshapes/L_12x12mm_H8mm.step
10-03 11:09:56 com_github_MitjaNemec_Archive3DModels.archive_3d_models 150:Remapping: ${KICAD9_3DMODEL_DIR}/Inductor_SMD.3dshapes/L_12x12mm_H8mm.step
10-03 11:09:56 com_github_MitjaNemec_Archive3DModels.archive_3d_models 51:Getting 3D models for footprint of: C16
10-03 11:09:56 com_github_MitjaNemec_Archive3DModels.archive_3d_models 63:Trying to copy: ${KICAD8_3RD_PARTY}/3dmodels/com_github_CDFER_JLCPCB-Kicad-Library/JLCPCB.3dshapes/C_0402.step
10-03 11:09:56 com_github_MitjaNemec_Archive3DModels.archive_3d_models 78:Can not find model defined with enviroment variable:
${KICAD8_3RD_PARTY}/3dmodels/com_github_CDFER_JLCPCB-Kicad-Library/JLCPCB.3dshapes/C_0402.step
10-03 11:09:56 com_github_MitjaNemec_Archive3DModels.archive_3d_models 146:Did not copy: ${KICAD8_3RD_PARTY}/3dmodels/com_github_CDFER_JLCPCB-Kicad-Library/JLCPCB.3dshapes/C_0402.step
10-03 11:09:56 com_github_MitjaNemec_Archive3DModels.archive_3d_models 150:Remapping: ${KICAD8_3RD_PARTY}/3dmodels/com_github_CDFER_JLCPCB-Kicad-Library/JLCPCB.3dshapes/C_0402.step
10-03 11:09:56 com_github_MitjaNemec_Archive3DModels.archive_3d_models 51:Getting 3D models for footprint of: J17
10-03 11:09:56 com_github_MitjaNemec_Archive3DModels.archive_3d_models 63:Trying to copy: C:/Users/kovac/Documents/1-Gitar_Pedalok/nrj6hf.stp
10-03 11:09:56 com_github_MitjaNemec_Archive3DModels.archive_3d_models 150:Remapping: C:/Users/kovac/Documents/1-Gitar_Pedalok/nrj6hf.stp
10-03 11:09:56 com_github_MitjaNemec_Archive3DModels.archive_3d_models 51:Getting 3D models for footprint of: C59
10-03 11:09:56 com_github_MitjaNemec_Archive3DModels.archive_3d_models 63:Trying to copy: ${KICAD8_3RD_PARTY}/3dmodels/com_github_CDFER_JLCPCB-Kicad-Library/JLCPCB.3dshapes/C_0402.step
10-03 11:09:56 com_github_MitjaNemec_Archive3DModels.archive_3d_models 78:Can not find model defined with enviroment variable:
${KICAD8_3RD_PARTY}/3dmodels/com_github_CDFER_JLCPCB-Kicad-Library/JLCPCB.3dshapes/C_0402.step
10-03 11:09:56 com_github_MitjaNemec_Archive3DModels.archive_3d_models 146:Did not copy: ${KICAD8_3RD_PARTY}/3dmodels/com_github_CDFER_JLCPCB-Kicad-Library/JLCPCB.3dshapes/C_0402.step
10-03 11:09:56 com_github_MitjaNemec_Archive3DModels.archive_3d_models 150:Remapping: ${KICAD8_3RD_PARTY}/3dmodels/com_github_CDFER_JLCPCB-Kicad-Library/JLCPCB.3dshapes/C_0402.step
10-03 11:09:56 com_github_MitjaNemec_Archive3DModels.archive_3d_models 51:Getting 3D models for footprint of: R28
10-03 11:09:56 com_github_MitjaNemec_Archive3DModels.archive_3d_models 63:Trying to copy: ${KICAD9_3DMODEL_DIR}/Resistor_SMD.3dshapes/R_0603_1608Metric.step
10-03 11:09:56 com_github_MitjaNemec_Archive3DModels.archive_3d_models 150:Remapping: ${KICAD9_3DMODEL_DIR}/Resistor_SMD.3dshapes/R_0603_1608Metric.step
10-03 11:09:56 com_github_MitjaNemec_Archive3DModels.archive_3d_models 51:Getting 3D models for footprint of: R17
10-03 11:09:56 com_github_MitjaNemec_Archive3DModels.archive_3d_models 63:Trying to copy: ${KICAD8_3RD_PARTY}/3dmodels/com_github_CDFER_JLCPCB-Kicad-Library/JLCPCB.3dshapes/R_0402.step
10-03 11:09:56 com_github_MitjaNemec_Archive3DModels.archive_3d_models 78:Can not find model defined with enviroment variable:
${KICAD8_3RD_PARTY}/3dmodels/com_github_CDFER_JLCPCB-Kicad-Library/JLCPCB.3dshapes/R_0402.step
10-03 11:09:56 com_github_MitjaNemec_Archive3DModels.archive_3d_models 146:Did not copy: ${KICAD8_3RD_PARTY}/3dmodels/com_github_CDFER_JLCPCB-Kicad-Library/JLCPCB.3dshapes/R_0402.step
10-03 11:09:56 com_github_MitjaNemec_Archive3DModels.archive_3d_models 150:Remapping: ${KICAD8_3RD_PARTY}/3dmodels/com_github_CDFER_JLCPCB-Kicad-Library/JLCPCB.3dshapes/R_0402.step
10-03 11:09:56 com_github_MitjaNemec_Archive3DModels.archive_3d_models 51:Getting 3D models for footprint of: R211
10-03 11:09:56 com_github_MitjaNemec_Archive3DModels.archive_3d_models 63:Trying to copy: ${KICAD8_3RD_PARTY}/3dmodels/com_github_CDFER_JLCPCB-Kicad-Library/JLCPCB.3dshapes/R_0402.step
10-03 11:09:56 com_github_MitjaNemec_Archive3DModels.archive_3d_models 78:Can not find model defined with enviroment variable:
${KICAD8_3RD_PARTY}/3dmodels/com_github_CDFER_JLCPCB-Kicad-Library/JLCPCB.3dshapes/R_0402.step
10-03 11:09:56 com_github_MitjaNemec_Archive3DModels.archive_3d_models 146:Did not copy: ${KICAD8_3RD_PARTY}/3dmodels/com_github_CDFER_JLCPCB-Kicad-Library/JLCPCB.3dshapes/R_0402.step
10-03 11:09:56 com_github_MitjaNemec_Archive3DModels.archive_3d_models 150:Remapping: ${KICAD8_3RD_PARTY}/3dmodels/com_github_CDFER_JLCPCB-Kicad-Library/JLCPCB.3dshapes/R_0402.step
10-03 11:09:56 com_github_MitjaNemec_Archive3DModels.archive_3d_models 51:Getting 3D models for footprint of: J9
10-03 11:09:56 com_github_MitjaNemec_Archive3DModels.archive_3d_models 63:Trying to copy: C:/Users/kovac/Documents/1-Gitar_Pedalok/USB4110-GF-A.STEP
10-03 11:09:57 com_github_MitjaNemec_Archive3DModels.archive_3d_models 150:Remapping: C:/Users/kovac/Documents/1-Gitar_Pedalok/USB4110-GF-A.STEP
10-03 11:09:57 com_github_MitjaNemec_Archive3DModels.archive_3d_models 51:Getting 3D models for footprint of: R42
10-03 11:09:57 com_github_MitjaNemec_Archive3DModels.archive_3d_models 63:Trying to copy: ${KICAD8_3RD_PARTY}/3dmodels/com_github_CDFER_JLCPCB-Kicad-Library/JLCPCB.3dshapes/R_0402.step
10-03 11:09:57 com_github_MitjaNemec_Archive3DModels.archive_3d_models 78:Can not find model defined with enviroment variable:
${KICAD8_3RD_PARTY}/3dmodels/com_github_CDFER_JLCPCB-Kicad-Library/JLCPCB.3dshapes/R_0402.step
10-03 11:09:57 com_github_MitjaNemec_Archive3DModels.archive_3d_models 146:Did not copy: ${KICAD8_3RD_PARTY}/3dmodels/com_github_CDFER_JLCPCB-Kicad-Library/JLCPCB.3dshapes/R_0402.step
10-03 11:09:57 com_github_MitjaNemec_Archive3DModels.archive_3d_models 150:Remapping: ${KICAD8_3RD_PARTY}/3dmodels/com_github_CDFER_JLCPCB-Kicad-Library/JLCPCB.3dshapes/R_0402.step
10-03 11:09:57 com_github_MitjaNemec_Archive3DModels.archive_3d_models 51:Getting 3D models for footprint of: R229
10-03 11:09:57 com_github_MitjaNemec_Archive3DModels.archive_3d_models 63:Trying to copy: ${KICAD8_3RD_PARTY}/3dmodels/com_github_CDFER_JLCPCB-Kicad-Library/JLCPCB.3dshapes/R_1206.step
10-03 11:09:57 com_github_MitjaNemec_Archive3DModels.archive_3d_models 78:Can not find model defined with enviroment variable:
${KICAD8_3RD_PARTY}/3dmodels/com_github_CDFER_JLCPCB-Kicad-Library/JLCPCB.3dshapes/R_1206.step
10-03 11:09:57 com_github_MitjaNemec_Archive3DModels.archive_3d_models 146:Did not copy: ${KICAD8_3RD_PARTY}/3dmodels/com_github_CDFER_JLCPCB-Kicad-Library/JLCPCB.3dshapes/R_1206.step
10-03 11:09:57 com_github_MitjaNemec_Archive3DModels.archive_3d_models 150:Remapping: ${KICAD8_3RD_PARTY}/3dmodels/com_github_CDFER_JLCPCB-Kicad-Library/JLCPCB.3dshapes/R_1206.step
10-03 11:09:57 com_github_MitjaNemec_Archive3DModels.archive_3d_models 51:Getting 3D models for footprint of: C7
10-03 11:09:57 com_github_MitjaNemec_Archive3DModels.archive_3d_models 63:Trying to copy: ${KICAD8_3RD_PARTY}/3dmodels/com_github_CDFER_JLCPCB-Kicad-Library/JLCPCB.3dshapes/C_0402.step
10-03 11:09:57 com_github_MitjaNemec_Archive3DModels.archive_3d_models 78:Can not find model defined with enviroment variable:
${KICAD8_3RD_PARTY}/3dmodels/com_github_CDFER_JLCPCB-Kicad-Library/JLCPCB.3dshapes/C_0402.step
10-03 11:09:57 com_github_MitjaNemec_Archive3DModels.archive_3d_models 146:Did not copy: ${KICAD8_3RD_PARTY}/3dmodels/com_github_CDFER_JLCPCB-Kicad-Library/JLCPCB.3dshapes/C_0402.step
10-03 11:09:57 com_github_MitjaNemec_Archive3DModels.archive_3d_models 150:Remapping: ${KICAD8_3RD_PARTY}/3dmodels/com_github_CDFER_JLCPCB-Kicad-Library/JLCPCB.3dshapes/C_0402.step
10-03 11:09:57 com_github_MitjaNemec_Archive3DModels.archive_3d_models 51:Getting 3D models for footprint of: U3
10-03 11:09:57 com_github_MitjaNemec_Archive3DModels.archive_3d_models 63:Trying to copy: ${KICAD9_3DMODEL_DIR}/Package_SO.3dshapes/SOIC-8_3.9x4.9mm_P1.27mm.wrl
10-03 11:09:57 com_github_MitjaNemec_Archive3DModels.archive_3d_models 150:Remapping: ${KICAD9_3DMODEL_DIR}/Package_SO.3dshapes/SOIC-8_3.9x4.9mm_P1.27mm.wrl
10-03 11:09:57 com_github_MitjaNemec_Archive3DModels.archive_3d_models 51:Getting 3D models for footprint of: C46
10-03 11:09:57 com_github_MitjaNemec_Archive3DModels.archive_3d_models 63:Trying to copy: ${KICAD8_3RD_PARTY}/3dmodels/com_github_CDFER_JLCPCB-Kicad-Library/JLCPCB.3dshapes/C_0402.step
10-03 11:09:57 com_github_MitjaNemec_Archive3DModels.archive_3d_models 78:Can not find model defined with enviroment variable:
${KICAD8_3RD_PARTY}/3dmodels/com_github_CDFER_JLCPCB-Kicad-Library/JLCPCB.3dshapes/C_0402.step
10-03 11:09:57 com_github_MitjaNemec_Archive3DModels.archive_3d_models 146:Did not copy: ${KICAD8_3RD_PARTY}/3dmodels/com_github_CDFER_JLCPCB-Kicad-Library/JLCPCB.3dshapes/C_0402.step
10-03 11:09:57 com_github_MitjaNemec_Archive3DModels.archive_3d_models 150:Remapping: ${KICAD8_3RD_PARTY}/3dmodels/com_github_CDFER_JLCPCB-Kicad-Library/JLCPCB.3dshapes/C_0402.step
10-03 11:09:57 com_github_MitjaNemec_Archive3DModels.archive_3d_models 51:Getting 3D models for footprint of: C404
10-03 11:09:57 com_github_MitjaNemec_Archive3DModels.archive_3d_models 63:Trying to copy: ${KICAD8_3RD_PARTY}/3dmodels/com_github_CDFER_JLCPCB-Kicad-Library/JLCPCB.3dshapes/C_0603.step
10-03 11:09:57 com_github_MitjaNemec_Archive3DModels.archive_3d_models 78:Can not find model defined with enviroment variable:
${KICAD8_3RD_PARTY}/3dmodels/com_github_CDFER_JLCPCB-Kicad-Library/JLCPCB.3dshapes/C_0603.step
10-03 11:09:57 com_github_MitjaNemec_Archive3DModels.archive_3d_models 146:Did not copy: ${KICAD8_3RD_PARTY}/3dmodels/com_github_CDFER_JLCPCB-Kicad-Library/JLCPCB.3dshapes/C_0603.step
10-03 11:09:57 com_github_MitjaNemec_Archive3DModels.archive_3d_models 150:Remapping: ${KICAD8_3RD_PARTY}/3dmodels/com_github_CDFER_JLCPCB-Kicad-Library/JLCPCB.3dshapes/C_0603.step
10-03 11:09:57 com_github_MitjaNemec_Archive3DModels.archive_3d_models 51:Getting 3D models for footprint of: C237
10-03 11:09:57 com_github_MitjaNemec_Archive3DModels.archive_3d_models 63:Trying to copy: ${KICAD8_3RD_PARTY}/3dmodels/com_github_CDFER_JLCPCB-Kicad-Library/JLCPCB.3dshapes/C_0805.step
10-03 11:09:57 com_github_MitjaNemec_Archive3DModels.archive_3d_models 78:Can not find model defined with enviroment variable:
${KICAD8_3RD_PARTY}/3dmodels/com_github_CDFER_JLCPCB-Kicad-Library/JLCPCB.3dshapes/C_0805.step
10-03 11:09:57 com_github_MitjaNemec_Archive3DModels.archive_3d_models 146:Did not copy: ${KICAD8_3RD_PARTY}/3dmodels/com_github_CDFER_JLCPCB-Kicad-Library/JLCPCB.3dshapes/C_0805.step
10-03 11:09:57 com_github_MitjaNemec_Archive3DModels.archive_3d_models 150:Remapping: ${KICAD8_3RD_PARTY}/3dmodels/com_github_CDFER_JLCPCB-Kicad-Library/JLCPCB.3dshapes/C_0805.step
10-03 11:09:57 com_github_MitjaNemec_Archive3DModels.archive_3d_models 51:Getting 3D models for footprint of: C239
10-03 11:09:57 com_github_MitjaNemec_Archive3DModels.archive_3d_models 63:Trying to copy: ${KICAD8_3RD_PARTY}/3dmodels/com_github_CDFER_JLCPCB-Kicad-Library/JLCPCB.3dshapes/C_0402.step
10-03 11:09:57 com_github_MitjaNemec_Archive3DModels.archive_3d_models 78:Can not find model defined with enviroment variable:
${KICAD8_3RD_PARTY}/3dmodels/com_github_CDFER_JLCPCB-Kicad-Library/JLCPCB.3dshapes/C_0402.step
10-03 11:09:57 com_github_MitjaNemec_Archive3DModels.archive_3d_models 146:Did not copy: ${KICAD8_3RD_PARTY}/3dmodels/com_github_CDFER_JLCPCB-Kicad-Library/JLCPCB.3dshapes/C_0402.step
10-03 11:09:57 com_github_MitjaNemec_Archive3DModels.archive_3d_models 150:Remapping: ${KICAD8_3RD_PARTY}/3dmodels/com_github_CDFER_JLCPCB-Kicad-Library/JLCPCB.3dshapes/C_0402.step
10-03 11:09:57 com_github_MitjaNemec_Archive3DModels.archive_3d_models 51:Getting 3D models for footprint of: R207
10-03 11:09:57 com_github_MitjaNemec_Archive3DModels.archive_3d_models 63:Trying to copy: ${KICAD8_3RD_PARTY}/3dmodels/com_github_CDFER_JLCPCB-Kicad-Library/JLCPCB.3dshapes/R_0402.step
10-03 11:09:57 com_github_MitjaNemec_Archive3DModels.archive_3d_models 78:Can not find model defined with enviroment variable:
${KICAD8_3RD_PARTY}/3dmodels/com_github_CDFER_JLCPCB-Kicad-Library/JLCPCB.3dshapes/R_0402.step
10-03 11:09:57 com_github_MitjaNemec_Archive3DModels.archive_3d_models 146:Did not copy: ${KICAD8_3RD_PARTY}/3dmodels/com_github_CDFER_JLCPCB-Kicad-Library/JLCPCB.3dshapes/R_0402.step
10-03 11:09:57 com_github_MitjaNemec_Archive3DModels.archive_3d_models 150:Remapping: ${KICAD8_3RD_PARTY}/3dmodels/com_github_CDFER_JLCPCB-Kicad-Library/JLCPCB.3dshapes/R_0402.step
10-03 11:09:57 com_github_MitjaNemec_Archive3DModels.archive_3d_models 51:Getting 3D models for footprint of: C20
10-03 11:09:57 com_github_MitjaNemec_Archive3DModels.archive_3d_models 63:Trying to copy: ${KICAD8_3RD_PARTY}/3dmodels/com_github_CDFER_JLCPCB-Kicad-Library/JLCPCB.3dshapes/C_0402.step
10-03 11:09:57 com_github_MitjaNemec_Archive3DModels.archive_3d_models 78:Can not find model defined with enviroment variable:
${KICAD8_3RD_PARTY}/3dmodels/com_github_CDFER_JLCPCB-Kicad-Library/JLCPCB.3dshapes/C_0402.step
10-03 11:09:57 com_github_MitjaNemec_Archive3DModels.archive_3d_models 146:Did not copy: ${KICAD8_3RD_PARTY}/3dmodels/com_github_CDFER_JLCPCB-Kicad-Library/JLCPCB.3dshapes/C_0402.step
10-03 11:09:57 com_github_MitjaNemec_Archive3DModels.archive_3d_models 150:Remapping: ${KICAD8_3RD_PARTY}/3dmodels/com_github_CDFER_JLCPCB-Kicad-Library/JLCPCB.3dshapes/C_0402.step
10-03 11:09:57 com_github_MitjaNemec_Archive3DModels.archive_3d_models 51:Getting 3D models for footprint of: R117
10-03 11:09:57 com_github_MitjaNemec_Archive3DModels.archive_3d_models 63:Trying to copy: ${KICAD8_3RD_PARTY}/3dmodels/com_github_CDFER_JLCPCB-Kicad-Library/JLCPCB.3dshapes/R_0402.step
10-03 11:09:57 com_github_MitjaNemec_Archive3DModels.archive_3d_models 78:Can not find model defined with enviroment variable:
${KICAD8_3RD_PARTY}/3dmodels/com_github_CDFER_JLCPCB-Kicad-Library/JLCPCB.3dshapes/R_0402.step
10-03 11:09:57 com_github_MitjaNemec_Archive3DModels.archive_3d_models 146:Did not copy: ${KICAD8_3RD_PARTY}/3dmodels/com_github_CDFER_JLCPCB-Kicad-Library/JLCPCB.3dshapes/R_0402.step
10-03 11:09:57 com_github_MitjaNemec_Archive3DModels.archive_3d_models 150:Remapping: ${KICAD8_3RD_PARTY}/3dmodels/com_github_CDFER_JLCPCB-Kicad-Library/JLCPCB.3dshapes/R_0402.step
10-03 11:09:57 com_github_MitjaNemec_Archive3DModels.archive_3d_models 51:Getting 3D models for footprint of: Y1
10-03 11:09:57 com_github_MitjaNemec_Archive3DModels.archive_3d_models 63:Trying to copy: ${KICAD9_3DMODEL_DIR}/Oscillator.3dshapes/Oscillator_SMD_Abracon_ASDMB-4Pin_2.5x2.0mm.wrl
10-03 11:09:57 com_github_MitjaNemec_Archive3DModels.archive_3d_models 146:Did not copy: ${KICAD9_3DMODEL_DIR}/Oscillator.3dshapes/Oscillator_SMD_Abracon_ASDMB-4Pin_2.5x2.0mm.wrl
10-03 11:09:57 com_github_MitjaNemec_Archive3DModels.archive_3d_models 150:Remapping: ${KICAD9_3DMODEL_DIR}/Oscillator.3dshapes/Oscillator_SMD_Abracon_ASDMB-4Pin_2.5x2.0mm.wrl
10-03 11:09:57 com_github_MitjaNemec_Archive3DModels.archive_3d_models 51:Getting 3D models for footprint of: C103
10-03 11:09:57 com_github_MitjaNemec_Archive3DModels.archive_3d_models 63:Trying to copy: ${KICAD8_3RD_PARTY}/3dmodels/com_github_CDFER_JLCPCB-Kicad-Library/JLCPCB.3dshapes/C_0402.step
10-03 11:09:57 com_github_MitjaNemec_Archive3DModels.archive_3d_models 78:Can not find model defined with enviroment variable:
${KICAD8_3RD_PARTY}/3dmodels/com_github_CDFER_JLCPCB-Kicad-Library/JLCPCB.3dshapes/C_0402.step
10-03 11:09:57 com_github_MitjaNemec_Archive3DModels.archive_3d_models 146:Did not copy: ${KICAD8_3RD_PARTY}/3dmodels/com_github_CDFER_JLCPCB-Kicad-Library/JLCPCB.3dshapes/C_0402.step
10-03 11:09:57 com_github_MitjaNemec_Archive3DModels.archive_3d_models 150:Remapping: ${KICAD8_3RD_PARTY}/3dmodels/com_github_CDFER_JLCPCB-Kicad-Library/JLCPCB.3dshapes/C_0402.step
10-03 11:09:57 com_github_MitjaNemec_Archive3DModels.archive_3d_models 51:Getting 3D models for footprint of: C234
10-03 11:09:57 com_github_MitjaNemec_Archive3DModels.archive_3d_models 63:Trying to copy: ${KICAD8_3RD_PARTY}/3dmodels/com_github_CDFER_JLCPCB-Kicad-Library/JLCPCB.3dshapes/C_0805.step
10-03 11:09:57 com_github_MitjaNemec_Archive3DModels.archive_3d_models 78:Can not find model defined with enviroment variable:
${KICAD8_3RD_PARTY}/3dmodels/com_github_CDFER_JLCPCB-Kicad-Library/JLCPCB.3dshapes/C_0805.step
10-03 11:09:57 com_github_MitjaNemec_Archive3DModels.archive_3d_models 146:Did not copy: ${KICAD8_3RD_PARTY}/3dmodels/com_github_CDFER_JLCPCB-Kicad-Library/JLCPCB.3dshapes/C_0805.step
10-03 11:09:57 com_github_MitjaNemec_Archive3DModels.archive_3d_models 150:Remapping: ${KICAD8_3RD_PARTY}/3dmodels/com_github_CDFER_JLCPCB-Kicad-Library/JLCPCB.3dshapes/C_0805.step
10-03 11:09:57 com_github_MitjaNemec_Archive3DModels.archive_3d_models 51:Getting 3D models for footprint of: R209
10-03 11:09:57 com_github_MitjaNemec_Archive3DModels.archive_3d_models 63:Trying to copy: ${KICAD8_3RD_PARTY}/3dmodels/com_github_CDFER_JLCPCB-Kicad-Library/JLCPCB.3dshapes/R_0402.step
10-03 11:09:57 com_github_MitjaNemec_Archive3DModels.archive_3d_models 78:Can not find model defined with enviroment variable:
${KICAD8_3RD_PARTY}/3dmodels/com_github_CDFER_JLCPCB-Kicad-Library/JLCPCB.3dshapes/R_0402.step
10-03 11:09:57 com_github_MitjaNemec_Archive3DModels.archive_3d_models 146:Did not copy: ${KICAD8_3RD_PARTY}/3dmodels/com_github_CDFER_JLCPCB-Kicad-Library/JLCPCB.3dshapes/R_0402.step
10-03 11:09:57 com_github_MitjaNemec_Archive3DModels.archive_3d_models 150:Remapping: ${KICAD8_3RD_PARTY}/3dmodels/com_github_CDFER_JLCPCB-Kicad-Library/JLCPCB.3dshapes/R_0402.step
10-03 11:09:57 com_github_MitjaNemec_Archive3DModels.archive_3d_models 51:Getting 3D models for footprint of: U202
10-03 11:09:57 com_github_MitjaNemec_Archive3DModels.archive_3d_models 63:Trying to copy: ${KICAD9_3DMODEL_DIR}/Package_SO.3dshapes/VSSOP-8_3x3mm_P0.65mm.wrl
10-03 11:09:57 com_github_MitjaNemec_Archive3DModels.archive_3d_models 150:Remapping: ${KICAD9_3DMODEL_DIR}/Package_SO.3dshapes/VSSOP-8_3x3mm_P0.65mm.wrl
10-03 11:09:57 com_github_MitjaNemec_Archive3DModels.archive_3d_models 51:Getting 3D models for footprint of: U205
10-03 11:09:57 com_github_MitjaNemec_Archive3DModels.archive_3d_models 63:Trying to copy: ${KICAD9_3DMODEL_DIR}/Package_DFN_QFN.3dshapes/VQFN-24-1EP_4x4mm_P0.5mm_EP2.5x2.5mm.wrl
10-03 11:09:57 com_github_MitjaNemec_Archive3DModels.archive_3d_models 146:Did not copy: ${KICAD9_3DMODEL_DIR}/Package_DFN_QFN.3dshapes/VQFN-24-1EP_4x4mm_P0.5mm_EP2.5x2.5mm.wrl
10-03 11:09:57 com_github_MitjaNemec_Archive3DModels.archive_3d_models 150:Remapping: ${KICAD9_3DMODEL_DIR}/Package_DFN_QFN.3dshapes/VQFN-24-1EP_4x4mm_P0.5mm_EP2.5x2.5mm.wrl
10-03 11:09:57 com_github_MitjaNemec_Archive3DModels.archive_3d_models 51:Getting 3D models for footprint of: U1
10-03 11:09:57 com_github_MitjaNemec_Archive3DModels.archive_3d_models 63:Trying to copy: ${KICAD9_3DMODEL_DIR}/Package_SO.3dshapes/TSOP-II-54_22.2x10.16mm_P0.8mm.wrl
10-03 11:09:57 com_github_MitjaNemec_Archive3DModels.archive_3d_models 150:Remapping: ${KICAD9_3DMODEL_DIR}/Package_SO.3dshapes/TSOP-II-54_22.2x10.16mm_P0.8mm.wrl
10-03 11:09:57 com_github_MitjaNemec_Archive3DModels.archive_3d_models 51:Getting 3D models for footprint of: C241
10-03 11:09:57 com_github_MitjaNemec_Archive3DModels.archive_3d_models 63:Trying to copy: ${KICAD8_3RD_PARTY}/3dmodels/com_github_CDFER_JLCPCB-Kicad-Library/JLCPCB.3dshapes/C_0402.step
10-03 11:09:57 com_github_MitjaNemec_Archive3DModels.archive_3d_models 78:Can not find model defined with enviroment variable:
${KICAD8_3RD_PARTY}/3dmodels/com_github_CDFER_JLCPCB-Kicad-Library/JLCPCB.3dshapes/C_0402.step
10-03 11:09:57 com_github_MitjaNemec_Archive3DModels.archive_3d_models 146:Did not copy: ${KICAD8_3RD_PARTY}/3dmodels/com_github_CDFER_JLCPCB-Kicad-Library/JLCPCB.3dshapes/C_0402.step
10-03 11:09:57 com_github_MitjaNemec_Archive3DModels.archive_3d_models 150:Remapping: ${KICAD8_3RD_PARTY}/3dmodels/com_github_CDFER_JLCPCB-Kicad-Library/JLCPCB.3dshapes/C_0402.step
10-03 11:09:57 com_github_MitjaNemec_Archive3DModels.archive_3d_models 51:Getting 3D models for footprint of: R74
10-03 11:09:57 com_github_MitjaNemec_Archive3DModels.archive_3d_models 63:Trying to copy: ${KICAD8_3RD_PARTY}/3dmodels/com_github_CDFER_JLCPCB-Kicad-Library/JLCPCB.3dshapes/R_0402.step
10-03 11:09:57 com_github_MitjaNemec_Archive3DModels.archive_3d_models 78:Can not find model defined with enviroment variable:
${KICAD8_3RD_PARTY}/3dmodels/com_github_CDFER_JLCPCB-Kicad-Library/JLCPCB.3dshapes/R_0402.step
10-03 11:09:57 com_github_MitjaNemec_Archive3DModels.archive_3d_models 146:Did not copy: ${KICAD8_3RD_PARTY}/3dmodels/com_github_CDFER_JLCPCB-Kicad-Library/JLCPCB.3dshapes/R_0402.step
10-03 11:09:57 com_github_MitjaNemec_Archive3DModels.archive_3d_models 150:Remapping: ${KICAD8_3RD_PARTY}/3dmodels/com_github_CDFER_JLCPCB-Kicad-Library/JLCPCB.3dshapes/R_0402.step
10-03 11:09:57 com_github_MitjaNemec_Archive3DModels.archive_3d_models 51:Getting 3D models for footprint of: C6
10-03 11:09:57 com_github_MitjaNemec_Archive3DModels.archive_3d_models 63:Trying to copy: ${KICAD8_3RD_PARTY}/3dmodels/com_github_CDFER_JLCPCB-Kicad-Library/JLCPCB.3dshapes/C_0402.step
10-03 11:09:57 com_github_MitjaNemec_Archive3DModels.archive_3d_models 78:Can not find model defined with enviroment variable:
${KICAD8_3RD_PARTY}/3dmodels/com_github_CDFER_JLCPCB-Kicad-Library/JLCPCB.3dshapes/C_0402.step
10-03 11:09:57 com_github_MitjaNemec_Archive3DModels.archive_3d_models 146:Did not copy: ${KICAD8_3RD_PARTY}/3dmodels/com_github_CDFER_JLCPCB-Kicad-Library/JLCPCB.3dshapes/C_0402.step
10-03 11:09:57 com_github_MitjaNemec_Archive3DModels.archive_3d_models 150:Remapping: ${KICAD8_3RD_PARTY}/3dmodels/com_github_CDFER_JLCPCB-Kicad-Library/JLCPCB.3dshapes/C_0402.step
10-03 11:09:57 com_github_MitjaNemec_Archive3DModels.archive_3d_models 51:Getting 3D models for footprint of: R6
10-03 11:09:57 com_github_MitjaNemec_Archive3DModels.archive_3d_models 63:Trying to copy: ${KICAD8_3RD_PARTY}/3dmodels/com_github_CDFER_JLCPCB-Kicad-Library/JLCPCB.3dshapes/R_0402.step
10-03 11:09:57 com_github_MitjaNemec_Archive3DModels.archive_3d_models 78:Can not find model defined with enviroment variable:
${KICAD8_3RD_PARTY}/3dmodels/com_github_CDFER_JLCPCB-Kicad-Library/JLCPCB.3dshapes/R_0402.step
10-03 11:09:57 com_github_MitjaNemec_Archive3DModels.archive_3d_models 146:Did not copy: ${KICAD8_3RD_PARTY}/3dmodels/com_github_CDFER_JLCPCB-Kicad-Library/JLCPCB.3dshapes/R_0402.step
10-03 11:09:57 com_github_MitjaNemec_Archive3DModels.archive_3d_models 150:Remapping: ${KICAD8_3RD_PARTY}/3dmodels/com_github_CDFER_JLCPCB-Kicad-Library/JLCPCB.3dshapes/R_0402.step
10-03 11:09:57 com_github_MitjaNemec_Archive3DModels.archive_3d_models 51:Getting 3D models for footprint of: J16
10-03 11:09:57 com_github_MitjaNemec_Archive3DModels.archive_3d_models 63:Trying to copy: kicad-embed://009155002852006.stp
10-03 11:09:57 com_github_MitjaNemec_Archive3DModels.archive_3d_models 101:Ambiguous path for the model: kicad-embed://009155002852006.stp
10-03 11:09:57 com_github_MitjaNemec_Archive3DModels.archive_3d_models 146:Did not copy: kicad-embed://009155002852006.stp
10-03 11:09:57 com_github_MitjaNemec_Archive3DModels.archive_3d_models 150:Remapping: kicad-embed://009155002852006.stp
10-03 11:09:57 com_github_MitjaNemec_Archive3DModels.archive_3d_models 51:Getting 3D models for footprint of: J15
10-03 11:09:57 com_github_MitjaNemec_Archive3DModels.archive_3d_models 63:Trying to copy: kicad-embed://009155002852006.stp
10-03 11:09:57 com_github_MitjaNemec_Archive3DModels.archive_3d_models 101:Ambiguous path for the model: kicad-embed://009155002852006.stp
10-03 11:09:57 com_github_MitjaNemec_Archive3DModels.archive_3d_models 146:Did not copy: kicad-embed://009155002852006.stp
10-03 11:09:57 com_github_MitjaNemec_Archive3DModels.archive_3d_models 150:Remapping: kicad-embed://009155002852006.stp
10-03 11:09:57 com_github_MitjaNemec_Archive3DModels.archive_3d_models 164:Did not succeed to copy 3D models!
('R12', '${KICAD8_3RD_PARTY}\\3dmodels\\com_github_CDFER_JLCPCB-Kicad-Library\\JLCPCB.3dshapes\\R_0402.step')
('C79', '${KICAD8_3RD_PARTY}\\3dmodels\\com_github_CDFER_JLCPCB-Kicad-Library\\JLCPCB.3dshapes\\C_0402.step')
('C11', '${KICAD8_3RD_PARTY}\\3dmodels\\com_github_CDFER_JLCPCB-Kicad-Library\\JLCPCB.3dshapes\\C_0402.step')
('C42', '${KICAD8_3RD_PARTY}\\3dmodels\\com_github_CDFER_JLCPCB-Kicad-Library\\JLCPCB.3dshapes\\C_0402.step')
('C403', '${KICAD8_3RD_PARTY}\\3dmodels\\com_github_CDFER_JLCPCB-Kicad-Library\\JLCPCB.3dshapes\\C_0603.step')
('C56', '${KICAD8_3RD_PARTY}\\3dmodels\\com_github_CDFER_JLCPCB-Kicad-Library\\JLCPCB.3dshapes\\C_0603.step')
('C102', '${KICAD8_3RD_PARTY}\\3dmodels\\com_github_CDFER_JLCPCB-Kicad-Library\\JLCPCB.3dshapes\\C_0402.step')
('C158', '${KICAD8_3RD_PARTY}\\3dmodels\\com_github_CDFER_JLCPCB-Kicad-Library\\JLCPCB.3dshapes\\C_1206.step')
('R225', '${KICAD8_3RD_PARTY}\\3dmodels\\com_github_CDFER_JLCPCB-Kicad-Library\\JLCPCB.3dshapes\\R_0402.step')
('C202', '${KICAD8_3RD_PARTY}\\3dmodels\\com_github_CDFER_JLCPCB-Kicad-Library\\JLCPCB.3dshapes\\C_0402.step')
('C8', '${KICAD8_3RD_PARTY}\\3dmodels\\com_github_CDFER_JLCPCB-Kicad-Library\\JLCPCB.3dshapes\\C_0402.step')
('R86', '${KICAD8_3RD_PARTY}\\3dmodels\\com_github_CDFER_JLCPCB-Kicad-Library\\JLCPCB.3dshapes\\R_0402.step')
('R5', '${KICAD8_3RD_PARTY}\\3dmodels\\com_github_CDFER_JLCPCB-Kicad-Library\\JLCPCB.3dshapes\\R_0402.step')
('C93', '${KICAD8_3RD_PARTY}\\3dmodels\\com_github_CDFER_JLCPCB-Kicad-Library\\JLCPCB.3dshapes\\C_0402.step')
('C36', '${KICAD8_3RD_PARTY}\\3dmodels\\com_github_CDFER_JLCPCB-Kicad-Library\\JLCPCB.3dshapes\\C_0402.step')
('R4', '${KICAD8_3RD_PARTY}\\3dmodels\\com_github_CDFER_JLCPCB-Kicad-Library\\JLCPCB.3dshapes\\R_0402.step')
('C37', '${KICAD8_3RD_PARTY}\\3dmodels\\com_github_CDFER_JLCPCB-Kicad-Library\\JLCPCB.3dshapes\\C_0402.step')
('C89', '${KICAD8_3RD_PARTY}\\3dmodels\\com_github_CDFER_JLCPCB-Kicad-Library\\JLCPCB.3dshapes\\C_0402.step')
('C99', '${KICAD8_3RD_PARTY}\\3dmodels\\com_github_CDFER_JLCPCB-Kicad-Library\\JLCPCB.3dshapes\\C_0402.step')
('C156', '${KICAD8_3RD_PARTY}\\3dmodels\\com_github_CDFER_JLCPCB-Kicad-Library\\JLCPCB.3dshapes\\C_1206.step')
('C401', '${KICAD8_3RD_PARTY}\\3dmodels\\com_github_CDFER_JLCPCB-Kicad-Library\\JLCPCB.3dshapes\\C_0402.step')
('C41', '${KICAD8_3RD_PARTY}\\3dmodels\\com_github_CDFER_JLCPCB-Kicad-Library\\JLCPCB.3dshapes\\C_0402.step')
('C104', '${KICAD8_3RD_PARTY}\\3dmodels\\com_github_CDFER_JLCPCB-Kicad-Library\\JLCPCB.3dshapes\\C_0402.step')
('R20', '${KICAD8_3RD_PARTY}\\3dmodels\\com_github_CDFER_JLCPCB-Kicad-Library\\JLCPCB.3dshapes\\R_0402.step')
('C18', '${KICAD8_3RD_PARTY}\\3dmodels\\com_github_CDFER_JLCPCB-Kicad-Library\\JLCPCB.3dshapes\\C_0805.step')
('R212', '${KICAD8_3RD_PARTY}\\3dmodels\\com_github_CDFER_JLCPCB-Kicad-Library\\JLCPCB.3dshapes\\R_0402.step')
('R85', '${KICAD8_3RD_PARTY}\\3dmodels\\com_github_CDFER_JLCPCB-Kicad-Library\\JLCPCB.3dshapes\\R_0402.step')
('C109', '${KICAD8_3RD_PARTY}\\3dmodels\\com_github_CDFER_JLCPCB-Kicad-Library\\JLCPCB.3dshapes\\C_1206.step')
('R206', '${KICAD8_3RD_PARTY}\\3dmodels\\com_github_CDFER_JLCPCB-Kicad-Library\\JLCPCB.3dshapes\\R_0402.step')
('C131', '${KICAD8_3RD_PARTY}\\3dmodels\\com_github_CDFER_JLCPCB-Kicad-Library\\JLCPCB.3dshapes\\C_1206.step')
('C53', '${KICAD8_3RD_PARTY}\\3dmodels\\com_github_CDFER_JLCPCB-Kicad-Library\\JLCPCB.3dshapes\\C_0603.step')
('R92', '${KICAD8_3RD_PARTY}\\3dmodels\\com_github_CDFER_JLCPCB-Kicad-Library\\JLCPCB.3dshapes\\R_0402.step')
('C12', '${KICAD8_3RD_PARTY}\\3dmodels\\com_github_CDFER_JLCPCB-Kicad-Library\\JLCPCB.3dshapes\\C_1206.step')
('C44', '${KICAD8_3RD_PARTY}\\3dmodels\\com_github_CDFER_JLCPCB-Kicad-Library\\JLCPCB.3dshapes\\C_0402.step')
('R16', '${KICAD8_3RD_PARTY}\\3dmodels\\com_github_CDFER_JLCPCB-Kicad-Library\\JLCPCB.3dshapes\\R_0402.step')
('R97', '${KICAD8_3RD_PARTY}\\3dmodels\\com_github_CDFER_JLCPCB-Kicad-Library\\JLCPCB.3dshapes\\R_0402.step')
('C214', '${KICAD8_3RD_PARTY}\\3dmodels\\com_github_CDFER_JLCPCB-Kicad-Library\\JLCPCB.3dshapes\\C_0402.step')
('C45', '${KICAD8_3RD_PARTY}\\3dmodels\\com_github_CDFER_JLCPCB-Kicad-Library\\JLCPCB.3dshapes\\C_0402.step')
('C219', '${KICAD8_3RD_PARTY}\\3dmodels\\com_github_CDFER_JLCPCB-Kicad-Library\\JLCPCB.3dshapes\\C_0402.step')
('R230', '${KICAD8_3RD_PARTY}\\3dmodels\\com_github_CDFER_JLCPCB-Kicad-Library\\JLCPCB.3dshapes\\R_1206.step')
('C233', '${KICAD8_3RD_PARTY}\\3dmodels\\com_github_CDFER_JLCPCB-Kicad-Library\\JLCPCB.3dshapes\\C_0402.step')
('R87', '${KICAD8_3RD_PARTY}\\3dmodels\\com_github_CDFER_JLCPCB-Kicad-Library\\JLCPCB.3dshapes\\R_0402.step')
('C3', '${KICAD8_3RD_PARTY}\\3dmodels\\com_github_CDFER_JLCPCB-Kicad-Library\\JLCPCB.3dshapes\\C_0402.step')
('C43', '${KICAD8_3RD_PARTY}\\3dmodels\\com_github_CDFER_JLCPCB-Kicad-Library\\JLCPCB.3dshapes\\C_0402.step')
('C240', '${KICAD8_3RD_PARTY}\\3dmodels\\com_github_CDFER_JLCPCB-Kicad-Library\\JLCPCB.3dshapes\\C_0805.step')
('C217', '${KICAD8_3RD_PARTY}\\3dmodels\\com_github_CDFER_JLCPCB-Kicad-Library\\JLCPCB.3dshapes\\C_0402.step')
('R93', '${KICAD8_3RD_PARTY}\\3dmodels\\com_github_CDFER_JLCPCB-Kicad-Library\\JLCPCB.3dshapes\\R_0402.step')
('C48', '${KICAD8_3RD_PARTY}\\3dmodels\\com_github_CDFER_JLCPCB-Kicad-Library\\JLCPCB.3dshapes\\C_0402.step')
('R22', '${KICAD8_3RD_PARTY}\\3dmodels\\com_github_CDFER_JLCPCB-Kicad-Library\\JLCPCB.3dshapes\\R_0402.step')
('C92', '${KICAD8_3RD_PARTY}\\3dmodels\\com_github_CDFER_JLCPCB-Kicad-Library\\JLCPCB.3dshapes\\C_0402.step')
('R219', '${KICAD8_3RD_PARTY}\\3dmodels\\com_github_CDFER_JLCPCB-Kicad-Library\\JLCPCB.3dshapes\\R_0402.step')
('C213', '${KICAD8_3RD_PARTY}\\3dmodels\\com_github_CDFER_JLCPCB-Kicad-Library\\JLCPCB.3dshapes\\C_0402.step')
('C1', '${KICAD8_3RD_PARTY}\\3dmodels\\com_github_CDFER_JLCPCB-Kicad-Library\\JLCPCB.3dshapes\\C_0402.step')
('C66', '${KICAD8_3RD_PARTY}\\3dmodels\\com_github_CDFER_JLCPCB-Kicad-Library\\JLCPCB.3dshapes\\C_0402.step')
('R13', '${KICAD8_3RD_PARTY}\\3dmodels\\com_github_CDFER_JLCPCB-Kicad-Library\\JLCPCB.3dshapes\\R_0402.step')
('C47', '${KICAD8_3RD_PARTY}\\3dmodels\\com_github_CDFER_JLCPCB-Kicad-Library\\JLCPCB.3dshapes\\C_0402.step')
('R14', '${KICAD8_3RD_PARTY}\\3dmodels\\com_github_CDFER_JLCPCB-Kicad-Library\\JLCPCB.3dshapes\\R_0402.step')
('C218', '${KICAD8_3RD_PARTY}\\3dmodels\\com_github_CDFER_JLCPCB-Kicad-Library\\JLCPCB.3dshapes\\C_0402.step')
('C13', '${KICAD8_3RD_PARTY}\\3dmodels\\com_github_CDFER_JLCPCB-Kicad-Library\\JLCPCB.3dshapes\\C_1206.step')
('R95', '${KICAD8_3RD_PARTY}\\3dmodels\\com_github_CDFER_JLCPCB-Kicad-Library\\JLCPCB.3dshapes\\R_0402.step')
('R208', '${KICAD8_3RD_PARTY}\\3dmodels\\com_github_CDFER_JLCPCB-Kicad-Library\\JLCPCB.3dshapes\\R_0402.step')
('C215', '${KICAD8_3RD_PARTY}\\3dmodels\\com_github_CDFER_JLCPCB-Kicad-Library\\JLCPCB.3dshapes\\C_0402.step')
('C100', '${KICAD8_3RD_PARTY}\\3dmodels\\com_github_CDFER_JLCPCB-Kicad-Library\\JLCPCB.3dshapes\\C_0402.step')
('C40', '${KICAD8_3RD_PARTY}\\3dmodels\\com_github_CDFER_JLCPCB-Kicad-Library\\JLCPCB.3dshapes\\C_0402.step')
('C35', '${KICAD8_3RD_PARTY}\\3dmodels\\com_github_CDFER_JLCPCB-Kicad-Library\\JLCPCB.3dshapes\\C_0402.step')
('C49', '${KICAD8_3RD_PARTY}\\3dmodels\\com_github_CDFER_JLCPCB-Kicad-Library\\JLCPCB.3dshapes\\C_0402.step')
('R94', '${KICAD8_3RD_PARTY}\\3dmodels\\com_github_CDFER_JLCPCB-Kicad-Library\\JLCPCB.3dshapes\\R_0402.step')
('C14', '${KICAD8_3RD_PARTY}\\3dmodels\\com_github_CDFER_JLCPCB-Kicad-Library\\JLCPCB.3dshapes\\C_0402.step')
('C9', '${KICAD8_3RD_PARTY}\\3dmodels\\com_github_CDFER_JLCPCB-Kicad-Library\\JLCPCB.3dshapes\\C_0402.step')
('R31', '${KICAD8_3RD_PARTY}\\3dmodels\\com_github_CDFER_JLCPCB-Kicad-Library\\JLCPCB.3dshapes\\R_0402.step')
('C38', '${KICAD8_3RD_PARTY}\\3dmodels\\com_github_CDFER_JLCPCB-Kicad-Library\\JLCPCB.3dshapes\\C_0402.step')
('C105', '${KICAD8_3RD_PARTY}\\3dmodels\\com_github_CDFER_JLCPCB-Kicad-Library\\JLCPCB.3dshapes\\C_0402.step')
('C15', '${KICAD8_3RD_PARTY}\\3dmodels\\com_github_CDFER_JLCPCB-Kicad-Library\\JLCPCB.3dshapes\\C_0402.step')
('R213', '${KICAD8_3RD_PARTY}\\3dmodels\\com_github_CDFER_JLCPCB-Kicad-Library\\JLCPCB.3dshapes\\R_0402.step')
('C402', '${KICAD8_3RD_PARTY}\\3dmodels\\com_github_CDFER_JLCPCB-Kicad-Library\\JLCPCB.3dshapes\\C_0603.step')
('C90', '${KICAD8_3RD_PARTY}\\3dmodels\\com_github_CDFER_JLCPCB-Kicad-Library\\JLCPCB.3dshapes\\C_0402.step')
('R37', '${KICAD8_3RD_PARTY}\\3dmodels\\com_github_CDFER_JLCPCB-Kicad-Library\\JLCPCB.3dshapes\\R_0402.step')
('R203', '${KICAD8_3RD_PARTY}\\3dmodels\\com_github_CDFER_JLCPCB-Kicad-Library\\JLCPCB.3dshapes\\R_0402.step')
('C203', '${KICAD8_3RD_PARTY}\\3dmodels\\com_github_CDFER_JLCPCB-Kicad-Library\\JLCPCB.3dshapes\\C_0805.step')
('R38', '${KICAD8_3RD_PARTY}\\3dmodels\\com_github_CDFER_JLCPCB-Kicad-Library\\JLCPCB.3dshapes\\R_0402.step')
('C111', '${KICAD8_3RD_PARTY}\\3dmodels\\com_github_CDFER_JLCPCB-Kicad-Library\\JLCPCB.3dshapes\\C_1206.step')
('C101', '${KICAD8_3RD_PARTY}\\3dmodels\\com_github_CDFER_JLCPCB-Kicad-Library\\JLCPCB.3dshapes\\C_0402.step')
('C17', '${KICAD8_3RD_PARTY}\\3dmodels\\com_github_CDFER_JLCPCB-Kicad-Library\\JLCPCB.3dshapes\\C_0805.step')
('C238', '${KICAD8_3RD_PARTY}\\3dmodels\\com_github_CDFER_JLCPCB-Kicad-Library\\JLCPCB.3dshapes\\C_0805.step')
('R84', '${KICAD8_3RD_PARTY}\\3dmodels\\com_github_CDFER_JLCPCB-Kicad-Library\\JLCPCB.3dshapes\\R_0402.step')
('R224', '${KICAD8_3RD_PARTY}\\3dmodels\\com_github_CDFER_JLCPCB-Kicad-Library\\JLCPCB.3dshapes\\R_0402.step')
('C211', '${KICAD8_3RD_PARTY}\\3dmodels\\com_github_CDFER_JLCPCB-Kicad-Library\\JLCPCB.3dshapes\\C_0402.step')
('R19', '${KICAD8_3RD_PARTY}\\3dmodels\\com_github_CDFER_JLCPCB-Kicad-Library\\JLCPCB.3dshapes\\R_0402.step')
('D1', '${KICAD8_3RD_PARTY}\\3dmodels\\com_github_CDFER_JLCPCB-Kicad-Library\\JLCPCB.3dshapes\\D_SOD-123FL.step')
('L4', '${KICAD9_3DMODEL_DIR}\\Inductor_SMD.3dshapes\\L_CommonMode_Wurth_WE-CNSW-1206.step')
('C216', '${KICAD8_3RD_PARTY}\\3dmodels\\com_github_CDFER_JLCPCB-Kicad-Library\\JLCPCB.3dshapes\\C_0402.step')
('C24', '${KICAD8_3RD_PARTY}\\3dmodels\\com_github_CDFER_JLCPCB-Kicad-Library\\JLCPCB.3dshapes\\C_0402.step')
('R78', '${KICAD8_3RD_PARTY}\\3dmodels\\com_github_CDFER_JLCPCB-Kicad-Library\\JLCPCB.3dshapes\\R_0402.step')
('R7', '${KICAD8_3RD_PARTY}\\3dmodels\\com_github_CDFER_JLCPCB-Kicad-Library\\JLCPCB.3dshapes\\R_0402.step')
('R30', '${KICAD8_3RD_PARTY}\\3dmodels\\com_github_CDFER_JLCPCB-Kicad-Library\\JLCPCB.3dshapes\\R_0402.step')
('C19', '${KICAD8_3RD_PARTY}\\3dmodels\\com_github_CDFER_JLCPCB-Kicad-Library\\JLCPCB.3dshapes\\C_0402.step')
('R8', '${KICAD8_3RD_PARTY}\\3dmodels\\com_github_CDFER_JLCPCB-Kicad-Library\\JLCPCB.3dshapes\\R_0402.step')
('R3', '${KICAD8_3RD_PARTY}\\3dmodels\\com_github_CDFER_JLCPCB-Kicad-Library\\JLCPCB.3dshapes\\R_0402.step')
('C212', '${KICAD8_3RD_PARTY}\\3dmodels\\com_github_CDFER_JLCPCB-Kicad-Library\\JLCPCB.3dshapes\\C_0402.step')
('R204', '${KICAD8_3RD_PARTY}\\3dmodels\\com_github_CDFER_JLCPCB-Kicad-Library\\JLCPCB.3dshapes\\R_0402.step')
('C157', '${KICAD8_3RD_PARTY}\\3dmodels\\com_github_CDFER_JLCPCB-Kicad-Library\\JLCPCB.3dshapes\\C_1206.step')
('C5', '${KICAD8_3RD_PARTY}\\3dmodels\\com_github_CDFER_JLCPCB-Kicad-Library\\JLCPCB.3dshapes\\C_0402.step')
('C4', '${KICAD8_3RD_PARTY}\\3dmodels\\com_github_CDFER_JLCPCB-Kicad-Library\\JLCPCB.3dshapes\\C_0402.step')
('R18', '${KICAD8_3RD_PARTY}\\3dmodels\\com_github_CDFER_JLCPCB-Kicad-Library\\JLCPCB.3dshapes\\R_0402.step')
('C39', '${KICAD8_3RD_PARTY}\\3dmodels\\com_github_CDFER_JLCPCB-Kicad-Library\\JLCPCB.3dshapes\\C_0402.step')
('R1', '${KICAD8_3RD_PARTY}\\3dmodels\\com_github_CDFER_JLCPCB-Kicad-Library\\JLCPCB.3dshapes\\R_0402.step')
('R21', '${KICAD8_3RD_PARTY}\\3dmodels\\com_github_CDFER_JLCPCB-Kicad-Library\\JLCPCB.3dshapes\\R_0402.step')
('C91', '${KICAD8_3RD_PARTY}\\3dmodels\\com_github_CDFER_JLCPCB-Kicad-Library\\JLCPCB.3dshapes\\C_0402.step')
('R220', '${KICAD8_3RD_PARTY}\\3dmodels\\com_github_CDFER_JLCPCB-Kicad-Library\\JLCPCB.3dshapes\\R_0402.step')
('C62', '${KICAD8_3RD_PARTY}\\3dmodels\\com_github_CDFER_JLCPCB-Kicad-Library\\JLCPCB.3dshapes\\C_0402.step')
('C67', '${KICAD8_3RD_PARTY}\\3dmodels\\com_github_CDFER_JLCPCB-Kicad-Library\\JLCPCB.3dshapes\\C_0402.step')
('C22', '${KICAD8_3RD_PARTY}\\3dmodels\\com_github_CDFER_JLCPCB-Kicad-Library\\JLCPCB.3dshapes\\C_0402.step')
('R215', '${KICAD8_3RD_PARTY}\\3dmodels\\com_github_CDFER_JLCPCB-Kicad-Library\\JLCPCB.3dshapes\\R_0402.step')
('C229', '${KICAD8_3RD_PARTY}\\3dmodels\\com_github_CDFER_JLCPCB-Kicad-Library\\JLCPCB.3dshapes\\C_0402.step')
('R60', '${KICAD8_3RD_PARTY}\\3dmodels\\com_github_CDFER_JLCPCB-Kicad-Library\\JLCPCB.3dshapes\\R_0402.step')
('C23', '${KICAD8_3RD_PARTY}\\3dmodels\\com_github_CDFER_JLCPCB-Kicad-Library\\JLCPCB.3dshapes\\C_0402.step')
('R210', '${KICAD8_3RD_PARTY}\\3dmodels\\com_github_CDFER_JLCPCB-Kicad-Library\\JLCPCB.3dshapes\\R_0402.step')
('C88', '${KICAD8_3RD_PARTY}\\3dmodels\\com_github_CDFER_JLCPCB-Kicad-Library\\JLCPCB.3dshapes\\C_0402.step')
('R218', '${KICAD8_3RD_PARTY}\\3dmodels\\com_github_CDFER_JLCPCB-Kicad-Library\\JLCPCB.3dshapes\\R_0402.step')
('C230', '${KICAD8_3RD_PARTY}\\3dmodels\\com_github_CDFER_JLCPCB-Kicad-Library\\JLCPCB.3dshapes\\C_0402.step')
('R2', '${KICAD8_3RD_PARTY}\\3dmodels\\com_github_CDFER_JLCPCB-Kicad-Library\\JLCPCB.3dshapes\\R_0402.step')
('R205', '${KICAD8_3RD_PARTY}\\3dmodels\\com_github_CDFER_JLCPCB-Kicad-Library\\JLCPCB.3dshapes\\R_0402.step')
('R9', '${KICAD8_3RD_PARTY}\\3dmodels\\com_github_CDFER_JLCPCB-Kicad-Library\\JLCPCB.3dshapes\\R_0402.step')
('R41', '${KICAD8_3RD_PARTY}\\3dmodels\\com_github_CDFER_JLCPCB-Kicad-Library\\JLCPCB.3dshapes\\R_0402.step')
('R15', '${KICAD8_3RD_PARTY}\\3dmodels\\com_github_CDFER_JLCPCB-Kicad-Library\\JLCPCB.3dshapes\\R_0402.step')
('R221', '${KICAD8_3RD_PARTY}\\3dmodels\\com_github_CDFER_JLCPCB-Kicad-Library\\JLCPCB.3dshapes\\R_0402.step')
('R11', '${KICAD8_3RD_PARTY}\\3dmodels\\com_github_CDFER_JLCPCB-Kicad-Library\\JLCPCB.3dshapes\\R_0805.step')
('C110', '${KICAD8_3RD_PARTY}\\3dmodels\\com_github_CDFER_JLCPCB-Kicad-Library\\JLCPCB.3dshapes\\C_1206.step')
('R58', '${KICAD8_3RD_PARTY}\\3dmodels\\com_github_CDFER_JLCPCB-Kicad-Library\\JLCPCB.3dshapes\\R_0402.step')
('R216', '${KICAD8_3RD_PARTY}\\3dmodels\\com_github_CDFER_JLCPCB-Kicad-Library\\JLCPCB.3dshapes\\R_0402.step')
('C405', '${KICAD8_3RD_PARTY}\\3dmodels\\com_github_CDFER_JLCPCB-Kicad-Library\\JLCPCB.3dshapes\\C_0603.step')
('R96', '${KICAD8_3RD_PARTY}\\3dmodels\\com_github_CDFER_JLCPCB-Kicad-Library\\JLCPCB.3dshapes\\R_0402.step')
('C204', '${KICAD8_3RD_PARTY}\\3dmodels\\com_github_CDFER_JLCPCB-Kicad-Library\\JLCPCB.3dshapes\\C_0805.step')
('R214', '${KICAD8_3RD_PARTY}\\3dmodels\\com_github_CDFER_JLCPCB-Kicad-Library\\JLCPCB.3dshapes\\R_0402.step')
('C10', '${KICAD8_3RD_PARTY}\\3dmodels\\com_github_CDFER_JLCPCB-Kicad-Library\\JLCPCB.3dshapes\\C_0402.step')
('C57', '${KICAD8_3RD_PARTY}\\3dmodels\\com_github_CDFER_JLCPCB-Kicad-Library\\JLCPCB.3dshapes\\C_0402.step')
('C220', '${KICAD8_3RD_PARTY}\\3dmodels\\com_github_CDFER_JLCPCB-Kicad-Library\\JLCPCB.3dshapes\\C_0402.step')
('C108', '${KICAD8_3RD_PARTY}\\3dmodels\\com_github_CDFER_JLCPCB-Kicad-Library\\JLCPCB.3dshapes\\C_1206.step')
('C201', '${KICAD8_3RD_PARTY}\\3dmodels\\com_github_CDFER_JLCPCB-Kicad-Library\\JLCPCB.3dshapes\\C_0402.step')
('C210', '${KICAD8_3RD_PARTY}\\3dmodels\\com_github_CDFER_JLCPCB-Kicad-Library\\JLCPCB.3dshapes\\C_0402.step')
('U11', '${KICAD9_3DMODEL_DIR}\\Package_SO.3dshapes\\SOP-8-1EP_4.57x4.57mm_P1.27mm_EP4.57x4.45mm.step')
('C2', '${KICAD8_3RD_PARTY}\\3dmodels\\com_github_CDFER_JLCPCB-Kicad-Library\\JLCPCB.3dshapes\\C_0402.step')
('R10', '${KICAD8_3RD_PARTY}\\3dmodels\\com_github_CDFER_JLCPCB-Kicad-Library\\JLCPCB.3dshapes\\R_0402.step')
('C21', '${KICAD8_3RD_PARTY}\\3dmodels\\com_github_CDFER_JLCPCB-Kicad-Library\\JLCPCB.3dshapes\\C_0402.step')
('R202', '${KICAD8_3RD_PARTY}\\3dmodels\\com_github_CDFER_JLCPCB-Kicad-Library\\JLCPCB.3dshapes\\R_0402.step')
('R217', '${KICAD8_3RD_PARTY}\\3dmodels\\com_github_CDFER_JLCPCB-Kicad-Library\\JLCPCB.3dshapes\\R_0402.step')
('R222', '${KICAD8_3RD_PARTY}\\3dmodels\\com_github_CDFER_JLCPCB-Kicad-Library\\JLCPCB.3dshapes\\R_0402.step')
('C209', '${KICAD8_3RD_PARTY}\\3dmodels\\com_github_CDFER_JLCPCB-Kicad-Library\\JLCPCB.3dshapes\\C_0402.step')
('R201', '${KICAD8_3RD_PARTY}\\3dmodels\\com_github_CDFER_JLCPCB-Kicad-Library\\JLCPCB.3dshapes\\R_0402.step')
('Y3', '${KICAD9_3DMODEL_DIR}\\Oscillator.3dshapes\\Oscillator_SMD_SeikoEpson_SG8002LB-4Pin_5.0x3.2mm.step')
('L3', '${KICAD9_3DMODEL_DIR}\\Inductor_SMD.3dshapes\\L_12x12mm_H8mm.step')
('C16', '${KICAD8_3RD_PARTY}\\3dmodels\\com_github_CDFER_JLCPCB-Kicad-Library\\JLCPCB.3dshapes\\C_0402.step')
('C59', '${KICAD8_3RD_PARTY}\\3dmodels\\com_github_CDFER_JLCPCB-Kicad-Library\\JLCPCB.3dshapes\\C_0402.step')
('R17', '${KICAD8_3RD_PARTY}\\3dmodels\\com_github_CDFER_JLCPCB-Kicad-Library\\JLCPCB.3dshapes\\R_0402.step')
('R211', '${KICAD8_3RD_PARTY}\\3dmodels\\com_github_CDFER_JLCPCB-Kicad-Library\\JLCPCB.3dshapes\\R_0402.step')
('R42', '${KICAD8_3RD_PARTY}\\3dmodels\\com_github_CDFER_JLCPCB-Kicad-Library\\JLCPCB.3dshapes\\R_0402.step')
('R229', '${KICAD8_3RD_PARTY}\\3dmodels\\com_github_CDFER_JLCPCB-Kicad-Library\\JLCPCB.3dshapes\\R_1206.step')
('C7', '${KICAD8_3RD_PARTY}\\3dmodels\\com_github_CDFER_JLCPCB-Kicad-Library\\JLCPCB.3dshapes\\C_0402.step')
('C46', '${KICAD8_3RD_PARTY}\\3dmodels\\com_github_CDFER_JLCPCB-Kicad-Library\\JLCPCB.3dshapes\\C_0402.step')
('C404', '${KICAD8_3RD_PARTY}\\3dmodels\\com_github_CDFER_JLCPCB-Kicad-Library\\JLCPCB.3dshapes\\C_0603.step')
('C237', '${KICAD8_3RD_PARTY}\\3dmodels\\com_github_CDFER_JLCPCB-Kicad-Library\\JLCPCB.3dshapes\\C_0805.step')
('C239', '${KICAD8_3RD_PARTY}\\3dmodels\\com_github_CDFER_JLCPCB-Kicad-Library\\JLCPCB.3dshapes\\C_0402.step')
('R207', '${KICAD8_3RD_PARTY}\\3dmodels\\com_github_CDFER_JLCPCB-Kicad-Library\\JLCPCB.3dshapes\\R_0402.step')
('C20', '${KICAD8_3RD_PARTY}\\3dmodels\\com_github_CDFER_JLCPCB-Kicad-Library\\JLCPCB.3dshapes\\C_0402.step')
('R117', '${KICAD8_3RD_PARTY}\\3dmodels\\com_github_CDFER_JLCPCB-Kicad-Library\\JLCPCB.3dshapes\\R_0402.step')
('Y1', '${KICAD9_3DMODEL_DIR}\\Oscillator.3dshapes\\Oscillator_SMD_Abracon_ASDMB-4Pin_2.5x2.0mm.wrl')
('C103', '${KICAD8_3RD_PARTY}\\3dmodels\\com_github_CDFER_JLCPCB-Kicad-Library\\JLCPCB.3dshapes\\C_0402.step')
('C234', '${KICAD8_3RD_PARTY}\\3dmodels\\com_github_CDFER_JLCPCB-Kicad-Library\\JLCPCB.3dshapes\\C_0805.step')
('R209', '${KICAD8_3RD_PARTY}\\3dmodels\\com_github_CDFER_JLCPCB-Kicad-Library\\JLCPCB.3dshapes\\R_0402.step')
('U205', '${KICAD9_3DMODEL_DIR}\\Package_DFN_QFN.3dshapes\\VQFN-24-1EP_4x4mm_P0.5mm_EP2.5x2.5mm.wrl')
('C241', '${KICAD8_3RD_PARTY}\\3dmodels\\com_github_CDFER_JLCPCB-Kicad-Library\\JLCPCB.3dshapes\\C_0402.step')
('R74', '${KICAD8_3RD_PARTY}\\3dmodels\\com_github_CDFER_JLCPCB-Kicad-Library\\JLCPCB.3dshapes\\R_0402.step')
('C6', '${KICAD8_3RD_PARTY}\\3dmodels\\com_github_CDFER_JLCPCB-Kicad-Library\\JLCPCB.3dshapes\\C_0402.step')
('R6', '${KICAD8_3RD_PARTY}\\3dmodels\\com_github_CDFER_JLCPCB-Kicad-Library\\JLCPCB.3dshapes\\R_0402.step')
('J16', 'kicad-embed:\\009155002852006.stp')
('J15', 'kicad-embed:\\009155002852006.stp')
